{
  "version": 1,
  "author": "Grace Chen",
  "editor": "wokwi",
  "parts": [
    { "type": "wokwi-arduino-uno", "id": "uno", "top": 0, "left": 0, "attrs": {} },
    {
      "type": "wokwi-led",
      "id": "led1",
      "top": -95.15,
      "left": 53.11,
      "attrs": { "color": "red" }
    },
    {
      "type": "wokwi-resistor",
      "id": "r1",
      "top": -91.15,
      "left": 122.44,
      "attrs": { "value": "1000" }
    }
  ],
  "connections": [
    [ "r1:1", "led1:A", "green", [ "v0" ] ],
    [ "led1:C", "uno:GND.3", "green", [ "v0" ] ],
    [ "uno:8", "r1:2", "green", [ "v0" ] ]
  ]
}