5.196969,0.0,2.2025585,0.0,1.9339838,0.0,-0.27,21.82,9.333511,1.8259151,0.0,1.6896092,0.0,0.78639555,0.0,-1.33,22.87,4.30192,0.0,0.0,13.635431
r0_1,r1_1,r2_1,r3_1,r6_1,r7_1,x_1,y_1,totalR_1,r0_2,r1_2,r2_2,r3_2,r6_2,r7_2,x_2,y_2,totalR_2,centre_x,centre_y,totalM
5.196969,0.0,2.1846101,0.0,1.9192836,0.0,-0.28,21.86,9.300863,1.8259151,0.0,1.6754421,0.0,0.757079,0.0,-1.38,22.96,4.258436,0.81506026,8.2422695,13.559299
5.196969,0.0,2.167257,0.0,1.9192836,0.0,-0.27,21.84,9.28351,1.8259151,0.0,1.6896092,0.0,0.7452425,0.0,-1.41,23.0,4.260767,0.81506026,8.2422695,13.544277
5.196969,0.0,2.167257,0.0,1.9339838,0.0,-0.26,21.84,9.29821,1.8447357,0.0,1.6754421,0.0,0.7326856,0.0,-1.43,23.05,4.2528634,0.81506026,8.2422695,13.551073
5.196969,0.0,2.167257,0.0,1.9339838,0.0,-0.26,21.85,9.29821,1.8259151,0.0,1.6754421,0.0,0.72342527,0.0,-1.44,23.07,4.2247825,0.8348384,8.188973,13.522993
5.196969,0.0,2.167257,0.0,1.9339838,0.0,-0.26,21.85,9.29821,1.8447357,0.0,1.661731,0.0,0.70550174,0.0,-1.47,23.12,4.2119684,0.8348384,8.188973,13.510179
5.196969,0.0,2.150465,0.0,1.9339838,0.0,-0.26,21.88,9.281418,1.8447357,0.0,1.6754421,0.0,0.69458336,0.0,-1.5,23.16,4.2147613,0.84037477,8.159292,13.49618
5.196969,0.0,2.150465,0.0,1.9339838,0.0,-0.24,21.83,9.281418,1.8447357,0.0,1.661731,0.0,0.6816175,0.0,-1.51,23.19,4.1880846,0.84512454,8.151221,13.469502
5.196969,0.0,2.1342032,0.0,1.9339838,0.0,-0.24,21.85,9.265156,1.8447357,0.0,1.6484507,0.0,0.6853095,0.0,-1.51,23.19,4.178496,0.84512454,8.151221,13.443651
5.196969,0.0,2.150465,0.0,1.9491731,0.0,-0.24,21.84,9.296607,1.8447357,0.0,1.6484507,0.0,0.660866,0.0,-1.54,23.25,4.1540527,0.8503287,8.133499,13.45066
5.640304,0.0,2.1184428,0.0,1.9491731,0.0,-0.22,21.85,9.70792,1.8643774,0.0,1.6355784,0.0,0.6567053,0.0,-1.55,23.26,4.156661,0.8503287,8.133499,13.864581
5.640304,0.0,2.1184428,0.0,1.9491731,0.0,-0.2,21.83,9.70792,1.8447357,0.0,1.6355784,0.0,0.6530847,0.0,-1.55,23.27,4.133399,0.836199,7.829961,13.841319
5.196969,0.0,2.1184428,0.0,1.9491731,0.0,-0.2,21.8,9.264585,1.8643774,0.0,1.6355784,0.0,0.6567053,0.0,-1.55,23.27,4.156661,0.836199,7.829961,13.421246
5.640304,0.0,2.103157,0.0,1.9491731,0.0,-0.19,21.82,9.692635,1.8643774,0.0,1.6355784,0.0,0.65488607,0.0,-1.56,23.27,4.154842,0.8638206,8.088603,13.847477
5.196969,0.0,2.103157,0.0,1.9648808,0.0,-0.18,21.79,9.265007,1.8849049,0.0,1.6230925,0.0,0.6473505,0.0,-1.57,23.3,4.155348,0.8700026,8.086138,13.420355
5.640304,0.0,2.103157,0.0,1.9491731,0.0,-0.18,21.81,9.692635,1.8849049,0.0,1.6230925,0.0,0.6392845,0.0,-1.58,23.32,4.147282,0.8700026,8.086138,13.839916
5.640304,0.0,2.103157,0.0,1.9491731,0.0,-0.19,21.82,9.692635,1.8849049,0.0,1.6109732,0.0,0.6392845,0.0,-1.58,23.31,4.135163,0.84485865,7.8019676,13.827797
5.640304,0.0,2.103157,0.0,1.9648808,0.0,-0.18,21.81,9.708342,1.8849049,0.0,1.6109732,0.0,0.637221,0.0,-1.58,23.32,4.133099,0.84830296,7.8006887,13.84144
5.640304,0.0,2.0883214,0.0,1.9648808,0.0,-0.18,21.81,9.693506,1.8849049,0.0,1.6109732,0.0,0.6473505,0.0,-1.57,23.3,4.1432285,0.84830296,7.8006887,13.836735
5.196969,0.0,2.0883214,0.0,1.9648808,0.0,-0.17,21.79,9.250172,1.8849049,0.0,1.5992022,0.0,0.64137226,0.0,-1.57,23.31,4.125479,0.8767146,8.058777,13.37565
5.196969,0.0,2.0739133,0.0,1.9648808,0.0,-0.14,21.77,9.235764,1.8849049,0.0,1.6109732,0.0,0.6473505,0.0,-1.57,23.3,4.1432285,0.8767146,8.058777,13.378992
5.196969,0.0,2.0883214,0.0,1.9491731,0.0,-0.19,21.82,9.234464,1.9063909,0.0,1.6109732,0.0,0.6567053,0.0,-1.56,23.29,4.1740694,0.87873566,8.052379,13.408533
5.196969,0.0,2.0883214,0.0,1.9648808,0.0,-0.16,21.78,9.250172,1.8849049,0.0,1.6230925,0.0,0.6567053,0.0,-1.56,23.29,4.164703,0.87810826,8.066308,13.414875
5.640304,0.0,2.103157,0.0,1.9648808,0.0,-0.17,21.81,9.708342,1.9525745,0.0,1.6109732,0.0,0.6665636,0.0,-1.56,23.3,4.230111,0.87810826,8.066308,13.938453
5.640304,0.0,2.150465,0.0,1.9648808,0.0,-0.23,21.84,9.75565,1.9063909,0.0,1.6109732,0.0,0.660866,0.0,-1.55,23.28,4.1782303,0.84690624,7.8444676,13.93388
5.640304,0.0,2.0883214,0.0,1.9648808,0.0,-0.17,21.79,9.693506,1.9063909,0.0,1.6230925,0.0,0.6567053,0.0,-1.56,23.3,4.1861887,0.84690624,7.8444676,13.879695
5.640304,0.0,2.103157,0.0,1.9648808,0.0,-0.18,21.82,9.708342,1.9063909,0.0,1.6230925,0.0,0.6719444,0.0,-1.54,23.25,4.2014275,0.85016686,7.815587,13.909769
5.196969,0.0,2.103157,0.0,1.9648808,0.0,-0.17,21.78,9.265007,1.9063909,0.0,1.6230925,0.0,0.67393994,0.0,-1.54,23.25,4.2034235,0.8728919,8.092358,13.4684305
5.196969,0.0,2.1184428,0.0,1.9491731,0.0,-0.19,21.81,9.264585,1.9063909,0.0,1.6355784,0.0,0.68691385,0.0,-1.52,23.23,4.2288833,0.8728919,8.092358,13.493467
5.640304,0.0,2.103157,0.0,1.9648808,0.0,-0.18,21.82,9.708342,1.9063909,0.0,1.6355784,0.0,0.68907416,0.0,-1.51,23.21,4.2310433,0.8421539,7.8537436,13.939384
5.640304,0.0,2.1184428,0.0,1.9648808,0.0,-0.19,21.83,9.723628,1.9063909,0.0,1.6355784,0.0,0.6979657,0.0,-1.5,23.19,4.239935,0.8421539,7.8537436,13.963563
5.640304,0.0,2.1184428,0.0,1.9648808,0.0,-0.19,21.83,9.723628,1.9063909,0.0,1.6484507,0.0,0.69458336,0.0,-1.51,23.2,4.249425,0.8378878,7.869294,13.973053
5.640304,0.0,2.150465,0.0,1.9648808,0.0,-0.23,21.85,9.75565,1.9063909,0.0,1.6484507,0.0,0.6979657,0.0,-1.5,23.19,4.252807,0.8378878,7.869294,14.008457
5.640304,0.0,2.1184428,0.0,1.9648808,0.0,-0.19,21.81,9.723628,1.9063909,0.0,1.6484507,0.0,0.7037367,0.0,-1.5,23.19,4.2585783,0.8380372,7.876783,13.982206
5.640304,0.0,2.1184428,0.0,1.9648808,0.0,-0.19,21.82,9.723628,1.9063909,0.0,1.6484507,0.0,0.70550174,0.0,-1.49,23.18,4.260343,0.8380372,7.876783,13.983971
5.196969,0.0,2.1184428,0.0,2.0335853,0.0,-0.09,21.69,9.348997,1.9063909,0.0,1.6484507,0.0,0.70907974,0.0,-1.49,23.17,4.2639213,0.8797281,8.165399,13.612919
5.196969,0.0,2.1184428,0.0,1.9648808,0.0,-0.19,21.79,9.2802925,1.9063909,0.0,1.6484507,0.0,0.7127238,0.0,-1.48,23.16,4.2675653,0.8797281,8.165399,13.547857
5.196969,0.0,2.1342032,0.0,1.9648808,0.0,-0.2,21.81,9.296053,1.9063909,0.0,1.6484507,0.0,0.7214948,0.0,-1.47,23.13,4.276336,0.8602053,8.153459,13.57239
5.196969,0.0,2.1342032,0.0,1.9648808,0.0,-0.19,21.78,9.296053,1.9063909,0.0,1.661731,0.0,0.73066545,0.0,-1.46,23.11,4.298787,0.8583569,8.160467,13.59484
5.196969,0.0,2.150465,0.0,1.9648808,0.0,-0.2,21.79,9.312315,1.9063909,0.0,1.661731,0.0,0.7273424,0.0,-1.46,23.12,4.2954645,0.8583569,8.160467,13.6077795
5.196969,0.0,2.1342032,0.0,1.9491731,0.0,-0.2,21.79,9.280345,1.9063909,0.0,1.7194222,0.0,0.75033885,0.0,-1.45,23.08,4.376152,0.8536292,8.167205,13.656497
5.196969,0.0,2.150465,0.0,1.9648808,0.0,-0.2,21.78,9.312315,1.9063909,0.0,1.661731,0.0,0.7481395,0.0,-1.43,23.07,4.3162613,0.8536292,8.167205,13.628576
5.196969,0.0,2.150465,0.0,1.9648808,0.0,-0.18,21.74,9.312315,1.9063909,0.0,1.6754421,0.0,0.757079,0.0,-1.42,23.04,4.338912,0.8506892,8.196266,13.651227
5.196969,0.0,2.150465,0.0,1.9648808,0.0,-0.19,21.74,9.312315,1.8849049,0.0,1.661731,0.0,0.77287126,0.0,-1.38,22.99,4.319507,0.8489723,8.211179,13.631823
5.196969,0.0,2.150465,0.0,1.9811393,0.0,-0.16,21.7,9.328573,1.8849049,0.0,1.6754421,0.0,0.7795284,0.0,-1.37,22.97,4.339875,0.8489723,8.211179,13.668448
4.849434,0.0,2.150465,0.0,1.9648808,0.0,-0.18,21.72,8.96478,1.9063909,0.0,1.6754421,0.0,0.78814656,0.0,-1.37,22.96,4.3699794,0.8628678,8.444211,13.334759
5.196969,0.0,2.167257,0.0,1.9648808,0.0,-0.2,21.74,9.329107,1.9063909,0.0,1.6754421,0.0,0.7952931,0.0,-1.35,22.94,4.3771257,0.8628678,8.444211,13.706233
5.196969,0.0,2.167257,0.0,1.9648808,0.0,-0.2,21.75,9.329107,1.9063909,0.0,1.6754421,0.0,0.80551076,0.0,-1.34,22.91,4.3873434,0.83876395,8.248351,13.716451
4.849434,0.0,2.167257,0.0,1.9648808,0.0,-0.19,21.72,8.981572,1.9063909,0.0,1.6896092,0.0,0.81522065,0.0,-1.33,22.89,4.411221,0.8583986,8.47099,13.392794
4.849434,0.0,2.167257,0.0,1.9811393,0.0,-0.18,21.7,8.99783,1.9063909,0.0,1.6896092,0.0,0.83706224,0.0,-1.28,22.82,4.4330626,0.8583986,8.47099,13.430893
4.849434,0.0,2.2603614,0.0,1.9811393,0.0,-0.24,21.73,9.090935,1.9063909,0.0,1.7042595,0.0,0.8563757,0.0,-1.26,22.78,4.467026,0.84286124,8.54695,13.5579605
4.849434,0.0,2.1846101,0.0,1.9811393,0.0,-0.18,21.67,9.015183,1.9063909,0.0,1.7042595,0.0,0.881292,0.0,-1.22,22.7,4.4919424,0.84286124,8.54695,13.507126
4.849434,0.0,2.1846101,0.0,1.9811393,0.0,-0.19,21.7,9.015183,1.9063909,0.0,1.7194222,0.0,0.8920157,0.0,-1.2,22.67,4.517829,0.84405786,8.558681,13.533012
4.849434,0.0,2.1846101,0.0,1.9811393,0.0,-0.18,21.67,9.015183,1.9063909,0.0,1.7194222,0.0,0.9090185,0.0,-1.17,22.61,4.5348315,0.84197885,8.575292,13.5500145
4.849434,0.0,2.2025585,0.0,1.9811393,0.0,-0.18,21.68,9.033132,1.9063909,0.0,1.7194222,0.0,0.9272433,0.0,-1.13,22.56,4.5530562,0.84197885,8.575292,13.586187
4.849434,0.0,2.2025585,0.0,1.9648808,0.0,-0.19,21.67,9.016873,1.9063909,0.0,1.7351297,0.0,0.94515836,0.0,-1.1,22.5,4.586679,0.84197885,8.575292,13.603552
4.849434,0.0,2.2025585,0.0,1.9811393,0.0,-0.21,21.72,9.033132,1.8849049,0.0,1.7351297,0.0,0.9643793,0.0,-1.07,22.43,4.584414,0.82864475,8.6316805,13.617546
4.849434,0.0,2.2211392,0.0,1.9811393,0.0,-0.17,21.63,9.051712,1.8849049,0.0,1.751417,0.0,0.9811967,0.0,-1.03,22.37,4.617519,0.82122606,8.647311,13.669231
4.849434,0.0,2.2211392,0.0,1.9811393,0.0,-0.21,21.7,9.051712,1.8849049,0.0,1.7683227,0.0,1.0074651,0.0,-0.98,22.27,4.6606927,0.82122606,8.647311,13.712404
4.849434,0.0,2.240392,0.0,1.9811393,0.0,-0.19,21.66,9.070965,1.8643774,0.0,1.7858888,0.0,1.0272088,0.0,-0.95,22.2,4.677475,0.8103265,8.704892,13.74844
4.849434,0.0,2.240392,0.0,1.9811393,0.0,-0.21,21.69,9.070965,1.8643774,0.0,1.7858888,0.0,1.0508682,0.0,-0.9,22.11,4.701134,0.80072856,8.737464,13.772099
4.849434,0.0,2.240392,0.0,1.9979835,0.0,-0.17,21.62,9.087809,1.8643774,0.0,1.8041618,0.0,1.0686468,0.0,-0.87,22.06,4.737186,0.80072856,8.737464,13.824995
4.849434,0.0,2.240392,0.0,1.9811393,0.0,-0.19,21.63,9.070965,1.8643774,0.0,1.7858888,0.0,1.087553,0.0,-0.83,21.98,4.737819,0.7925873,8.777873,13.8087845
4.849434,0.0,2.2603614,0.0,1.9979835,0.0,-0.21,21.66,9.107779,1.8447357,0.0,1.7858888,0.0,1.1077155,0.0,-0.76,21.86,4.73834,0.7925873,8.777873,13.846119
4.849434,0.0,2.2603614,0.0,1.9811393,0.0,-0.21,21.66,9.090935,1.8447357,0.0,1.8041618,0.0,1.1292852,0.0,-0.74,21.8,4.778183,0.78261906,8.810956,13.869118
4.849434,0.0,2.2810953,0.0,1.9979835,0.0,-0.21,21.65,9.128513,1.8447357,0.0,1.9081295,0.0,1.1357306,0.0,-0.75,21.78,4.888596,0.775931,8.843943,14.017109
4.5672274,0.0,2.2603614,0.0,1.9811393,0.0,-0.2,21.62,8.808728,1.8259151,0.0,1.8231928,0.0,1.1524403,0.0,-0.68,21.7,4.801548,0.775931,8.843943,13.610276
4.5672274,0.0,2.2810953,0.0,1.9979835,0.0,-0.19,21.59,8.846306,1.8259151,0.0,1.8231928,0.0,1.1593758,0.0,-0.67,21.66,4.8084836,0.7845113,9.055189,13.654789
4.5672274,0.0,2.3026474,0.0,1.9979835,0.0,-0.2,21.6,8.867859,1.8259151,0.0,1.8430383,0.0,1.1558894,0.0,-0.68,21.68,4.824843,0.7845113,9.055189,13.692701
4.5672274,0.0,2.3026474,0.0,1.9979835,0.0,-0.2,21.59,8.867859,1.8259151,0.0,1.8430383,0.0,1.1593758,0.0,-0.67,21.67,4.828329,0.78131336,9.0755415,13.696188
4.5672274,0.0,2.3026474,0.0,1.9979835,0.0,-0.21,21.61,8.867859,1.8259151,0.0,1.8430383,0.0,1.1664634,0.0,-0.67,21.65,4.835417,0.78060544,9.078067,13.703276
4.5672274,0.0,2.3983023,0.0,1.9979835,0.0,-0.27,21.63,8.963512,1.8259151,0.0,1.8637617,0.0,1.1664634,0.0,-0.66,21.64,4.85614,0.78060544,9.078067,13.819653
4.5672274,0.0,2.3250756,0.0,1.9979835,0.0,-0.2,21.57,8.890286,1.8259151,0.0,1.8637617,0.0,1.1700659,0.0,-0.66,21.63,4.8597426,0.7765974,9.101649,13.750029
4.5672274,0.0,2.3250756,0.0,2.0154514,0.0,-0.19,21.56,8.907755,1.8259151,0.0,1.8637617,0.0,1.1629002,0.0,-0.68,21.66,4.852577,0.7765974,9.101649,13.760332
5.196969,0.0,2.3250756,0.0,1.9979835,0.0,-0.28,21.76,9.520028,1.8447357,0.0,1.8637617,0.0,1.1811179,0.0,-0.65,21.62,4.8896155,0.7814083,9.104035,14.409643
4.849434,0.0,2.3250756,0.0,1.9979835,0.0,-0.27,21.74,9.172493,1.8259151,0.0,1.8854326,0.0,1.184886,0.0,-0.64,21.59,4.8962336,0.7610943,8.927833,14.068727
4.5672274,0.0,2.3250756,0.0,2.0154514,0.0,-0.18,21.53,8.907755,1.8259151,0.0,1.8854326,0.0,1.1773924,0.0,-0.65,21.61,4.88874,0.7610943,8.927833,13.796495
4.5672274,0.0,2.3250756,0.0,1.9979835,0.0,-0.2,21.55,8.890286,1.8259151,0.0,1.8854326,0.0,1.1737086,0.0,-0.66,21.62,4.885056,0.7747464,9.12035,13.775343
4.3319674,0.0,2.3250756,0.0,2.0154514,0.0,-0.17,21.48,8.672495,1.8447357,0.0,1.8854326,0.0,1.184886,0.0,-0.66,21.64,4.9150543,0.7747464,9.12035,13.587549
4.5672274,0.0,2.3250756,0.0,1.9979835,0.0,-0.19,21.52,8.890286,1.8447357,0.0,1.8854326,0.0,1.2294065,0.0,-0.56,21.45,4.9595747,0.79385895,9.2871475,13.849861
4.5672274,0.0,2.3250756,0.0,1.9979835,0.0,-0.19,21.54,8.890286,1.8447357,0.0,1.8854326,0.0,1.1886975,0.0,-0.65,21.6,4.9188657,0.76734954,9.155931,13.809153
4.5672274,0.0,2.3250756,0.0,2.0154514,0.0,-0.17,21.5,8.907755,1.8447357,0.0,1.8854326,0.0,1.1886975,0.0,-0.65,21.6,4.9188657,0.76734954,9.155931,13.82662
4.5672274,0.0,2.4249597,0.0,1.9979835,0.0,-0.28,21.59,8.9901705,1.8447357,0.0,1.9081295,0.0,1.1964545,0.0,-0.64,21.58,4.94932,0.76275724,9.161905,13.93949
4.5672274,0.0,2.3250756,0.0,2.0154514,0.0,-0.18,21.52,8.907755,1.8447357,0.0,1.8854326,0.0,1.1964545,0.0,-0.64,21.58,4.926623,0.76275724,9.161905,13.834377
4.5672274,0.0,2.3484447,0.0,2.0154514,0.0,-0.18,21.5,8.931124,1.8447357,0.0,1.8854326,0.0,1.2004017,0.0,-0.65,21.6,4.93057,0.77802277,9.137338,13.861694
4.3319674,0.0,2.3250756,0.0,1.9979835,0.0,-0.17,21.47,8.655026,1.8447357,0.0,1.8854326,0.0,1.2043959,0.0,-0.63,21.58,4.934564,0.7865458,9.293467,13.58959
4.3319674,0.0,2.3484447,0.0,2.0154514,0.0,-0.18,21.49,8.695864,1.8447357,0.0,1.9081295,0.0,1.2125295,0.0,-0.62,21.55,4.965395,0.7865458,9.293467,13.661259
4.3319674,0.0,2.372827,0.0,2.0154514,0.0,-0.2,21.5,8.720245,1.8447357,0.0,1.8854326,0.0,1.2125295,0.0,-0.62,21.56,4.942698,0.78229856,9.334344,13.662943
4.3319674,0.0,2.3484447,0.0,2.0335853,0.0,-0.15,21.45,8.713998,1.8447357,0.0,1.9081295,0.0,1.2166709,0.0,-0.62,21.55,4.9695363,0.78229856,9.334344,13.683535
4.5672274,0.0,2.3484447,0.0,2.0154514,0.0,-0.17,21.49,8.931124,1.8447357,0.0,1.8854326,0.0,1.2208636,0.0,-0.6,21.52,4.9510317,0.7888964,9.333813,13.882155
4.3319674,0.0,2.3484447,0.0,2.0335853,0.0,-0.13,21.39,8.713998,1.8643774,0.0,1.9081295,0.0,1.2208636,0.0,-0.61,21.55,4.99337,0.78769016,9.3257065,13.707368
4.3319674,0.0,2.3250756,0.0,2.0154514,0.0,-0.16,21.47,8.672495,1.8643774,0.0,1.9081295,0.0,1.2251084,0.0,-0.61,21.53,4.997615,0.78769016,9.3257065,13.67011
4.3319674,0.0,2.3484447,0.0,2.0335853,0.0,-0.15,21.43,8.713998,1.8643774,0.0,1.9081295,0.0,1.2294065,0.0,-0.61,21.54,5.001913,0.79034764,9.33785,13.715911
4.3319674,0.0,2.3250756,0.0,2.0335853,0.0,-0.13,21.42,8.690628,1.8643774,0.0,1.9081295,0.0,1.2294065,0.0,-0.61,21.53,5.001913,0.79034764,9.33785,13.692541
4.3319674,0.0,2.3484447,0.0,2.0335853,0.0,-0.13,21.41,8.713998,1.8643774,0.0,1.9081295,0.0,1.2294065,0.0,-0.6,21.51,5.001913,0.79252744,9.332926,13.715911
4.3319674,0.0,2.3484447,0.0,2.0335853,0.0,-0.13,21.39,8.713998,1.8643774,0.0,1.9081295,0.0,1.2381678,0.0,-0.59,21.5,5.0106745,0.7894733,9.340877,13.724672
4.3319674,0.0,2.3484447,0.0,2.0335853,0.0,-0.12,21.38,8.713998,1.8643774,0.0,1.9319402,0.0,1.2381678,0.0,-0.6,21.52,5.0344853,0.7894733,9.340877,13.748484
4.3319674,0.0,2.3484447,0.0,2.0335853,0.0,-0.13,21.4,8.713998,1.8643774,0.0,1.9081295,0.0,1.2517403,0.0,-0.57,21.48,5.024247,0.7880602,9.358565,13.738245
4.3319674,0.0,2.3484447,0.0,2.0335853,0.0,-0.13,21.39,8.713998,1.8643774,0.0,1.9319402,0.0,1.2517403,0.0,-0.57,21.46,5.048058,0.7880602,9.358565,13.762056
4.3319674,0.0,2.3484447,0.0,2.0524309,0.0,-0.11,21.35,8.732843,1.8643774,0.0,1.9319402,0.0,1.2610912,0.0,-0.56,21.45,5.057409,0.7853105,9.368073,13.790253
4.3319674,0.0,2.3484447,0.0,2.0335853,0.0,-0.11,21.36,8.713998,1.8643774,0.0,1.9319402,0.0,1.2517403,0.0,-0.58,21.47,5.048058,0.7853105,9.368073,13.762056
4.3319674,0.0,2.3484447,0.0,2.0335853,0.0,-0.11,21.35,8.713998,1.8849049,0.0,1.9319402,0.0,1.2517403,0.0,-0.58,21.48,5.0685854,0.7853105,9.368073,13.782583
4.3319674,0.0,2.3484447,0.0,2.0335853,0.0,-0.12,21.36,8.713998,1.8643774,0.0,1.9319402,0.0,1.2563846,0.0,-0.57,21.47,5.052702,0.7853105,9.368073,13.7667
4.1318073,0.0,2.3484447,0.0,2.0335853,0.0,-0.09,21.3,8.513838,1.8849049,0.0,1.9081295,0.0,1.2563846,0.0,-0.57,21.48,5.049419,0.7843709,9.371325,13.563257
4.1318073,0.0,2.3484447,0.0,2.0720394,0.0,-0.05,21.25,8.552292,1.8849049,0.0,1.9081295,0.0,1.2563846,0.0,-0.57,21.48,5.049419,0.7843709,9.371325,13.601711
4.1318073,0.0,2.3484447,0.0,2.0335853,0.0,-0.09,21.28,8.513838,1.8849049,0.0,1.9319402,0.0,1.2610912,0.0,-0.57,21.45,5.077936,0.79892105,9.495909,13.591774
4.1318073,0.0,2.3484447,0.0,2.0335853,0.0,-0.07,21.26,8.513838,1.8849049,0.0,1.9319402,0.0,1.2563846,0.0,-0.57,21.48,5.07323,0.7983041,9.510594,13.587068
4.1318073,0.0,2.3484447,0.0,2.0335853,0.0,-0.1,21.32,8.513838,1.8849049,0.0,1.9319402,0.0,1.2563846,0.0,-0.59,21.5,5.07323,0.7983041,9.510594,13.587068
4.5672274,0.0,2.3484447,0.0,2.0335853,0.0,-0.16,21.48,8.949258,1.8849049,0.0,1.9319402,0.0,1.2517403,0.0,-0.58,21.48,5.0685854,0.7992734,9.507307,14.017843
4.1318073,0.0,2.3484447,0.0,2.0335853,0.0,-0.09,21.3,8.513838,1.8849049,0.0,1.9319402,0.0,1.2563846,0.0,-0.58,21.48,5.07323,0.80023056,9.504061,13.587068
4.1318073,0.0,2.3484447,0.0,2.0335853,0.0,-0.1,21.32,8.513838,1.8849049,0.0,1.9319402,0.0,1.2517403,0.0,-0.59,21.5,5.0685854,0.80023056,9.504061,13.582423
4.1318073,0.0,2.3484447,0.0,2.0335853,0.0,-0.1,21.32,8.513838,1.8849049,0.0,1.9319402,0.0,1.2517403,0.0,-0.59,21.51,5.0685854,0.80023056,9.504061,13.582423
4.1318073,0.0,2.3484447,0.0,2.0524309,0.0,-0.09,21.3,8.532683,1.8849049,0.0,1.9319402,0.0,1.2517403,0.0,-0.6,21.53,5.0685854,0.80023056,9.504061,13.601269
4.1318073,0.0,2.3484447,0.0,2.0524309,0.0,-0.09,21.31,8.532683,1.8849049,0.0,1.9569639,0.0,1.247157,0.0,-0.61,21.53,5.089026,0.8046641,9.508905,13.62171
4.3319674,0.0,2.3484447,0.0,2.0335853,0.0,-0.11,21.34,8.713998,1.8849049,0.0,1.9319402,0.0,1.247157,0.0,-0.61,21.54,5.064002,0.7899182,9.374864,13.778
4.1318073,0.0,2.3484447,0.0,2.0524309,0.0,-0.09,21.29,8.532683,1.8849049,0.0,1.9319402,0.0,1.2426332,0.0,-0.61,21.54,5.0594783,0.7899182,9.374864,13.592161
4.3319674,0.0,2.3484447,0.0,2.0524309,0.0,-0.11,21.34,8.732843,1.8849049,0.0,1.9319402,0.0,1.2381678,0.0,-0.62,21.56,5.0550127,0.79483837,9.36464,13.787856
4.1318073,0.0,2.4528992,0.0,2.0524309,0.0,-0.16,21.33,8.637137,1.8849049,0.0,1.9319402,0.0,1.2381678,0.0,-0.63,21.57,5.0550127,0.79483837,9.36464,13.69215
4.1318073,0.0,2.3484447,0.0,2.0524309,0.0,-0.09,21.3,8.532683,1.8849049,0.0,1.9569639,0.0,1.2337593,0.0,-0.63,21.57,5.0756283,0.7936769,9.533759,13.608312
4.1318073,0.0,2.3250756,0.0,2.0524309,0.0,-0.08,21.31,8.509314,1.8849049,0.0,1.9319402,0.0,1.2294065,0.0,-0.65,21.6,5.0462513,0.7936769,9.533759,13.555565
4.1318073,0.0,2.3484447,0.0,2.0524309,0.0,-0.09,21.31,8.532683,1.8849049,0.0,1.9319402,0.0,1.2251084,0.0,-0.65,21.61,5.041953,0.81239617,9.485526,13.574636
4.1318073,0.0,2.3484447,0.0,2.0335853,0.0,-0.1,21.33,8.513838,1.8849049,0.0,1.9569639,0.0,1.2251084,0.0,-0.66,21.62,5.0669775,0.805732,9.485405,13.580815
4.1318073,0.0,2.3484447,0.0,2.0335853,0.0,-0.09,21.3,8.513838,1.8849049,0.0,1.9319402,0.0,1.2294065,0.0,-0.65,21.61,5.0462513,0.805732,9.485405,13.560089
4.1318073,0.0,2.3484447,0.0,2.0335853,0.0,-0.09,21.3,8.513838,1.8849049,0.0,1.9319402,0.0,1.2337593,0.0,-0.64,21.59,5.0506043,0.80484265,9.4884205,13.564442
4.1318073,0.0,2.3484447,0.0,2.0524309,0.0,-0.09,21.3,8.532683,1.8849049,0.0,1.9319402,0.0,1.2294065,0.0,-0.65,21.61,5.0462513,0.8083767,9.496341,13.578935
4.1318073,0.0,2.3484447,0.0,2.0335853,0.0,-0.1,21.33,8.513838,1.8849049,0.0,1.9319402,0.0,1.2337593,0.0,-0.64,21.59,5.0506043,0.8083767,9.496341,13.564442
4.1318073,0.0,2.3484447,0.0,2.0335853,0.0,-0.1,21.33,8.513838,1.8849049,0.0,1.9319402,0.0,1.2294065,0.0,-0.65,21.61,5.0462513,0.80394256,9.491473,13.560089
4.1318073,0.0,2.3983023,0.0,2.0335853,0.0,-0.11,21.28,8.563695,1.8849049,0.0,1.9319402,0.0,1.2294065,0.0,-0.63,21.58,5.0462513,0.80394256,9.491473,13.609946
4.3319674,0.0,2.3484447,0.0,2.0335853,0.0,-0.11,21.35,8.713998,1.8849049,0.0,1.9319402,0.0,1.2208636,0.0,-0.65,21.6,5.0377083,0.798231,9.50495,13.751706
4.1318073,0.0,2.3484447,0.0,2.0335853,0.0,-0.09,21.32,8.513838,1.8849049,0.0,1.9319402,0.0,1.2084382,0.0,-0.68,21.67,5.025283,0.8066109,9.482426,13.539121
4.3319674,0.0,2.3484447,0.0,2.0335853,0.0,-0.13,21.4,8.713998,1.8849049,0.0,1.9319402,0.0,1.2084382,0.0,-0.69,21.67,5.025283,0.8066109,9.482426,13.739281
4.1318073,0.0,2.3484447,0.0,2.0335853,0.0,-0.09,21.31,8.513838,1.8849049,0.0,1.9319402,0.0,1.1964545,0.0,-0.7,21.7,5.0132995,0.8091866,9.473691,13.527138
4.849434,0.0,2.3484447,0.0,2.0524309,0.0,-0.19,21.59,9.25031,1.8849049,0.0,1.9319402,0.0,1.1925534,0.0,-0.71,21.73,5.0093985,0.8091866,9.473691,14.259708
4.1318073,0.0,2.3484447,0.0,2.0335853,0.0,-0.09,21.31,8.513838,1.8849049,0.0,1.9319402,0.0,1.1886975,0.0,-0.72,21.74,5.0055423,0.7758101,8.990971,13.519381
4.3319674,0.0,2.3484447,0.0,2.0335853,0.0,-0.13,21.42,8.713998,1.8849049,0.0,1.9319402,0.0,1.1886975,0.0,-0.73,21.75,5.0055423,0.80142313,9.321768,13.71954
4.3319674,0.0,2.3250756,0.0,2.0335853,0.0,-0.1,21.36,8.690628,1.8849049,0.0,1.9319402,0.0,1.184886,0.0,-0.73,21.76,5.001731,0.80142313,9.321768,13.692359
4.3319674,0.0,2.3484447,0.0,2.0335853,0.0,-0.1,21.35,8.713998,1.8849049,0.0,1.9319402,0.0,1.184886,0.0,-0.73,21.76,5.001731,0.80220157,9.319078,13.715729
4.3319674,0.0,2.3484447,0.0,2.0335853,0.0,-0.11,21.38,8.713998,1.8849049,0.0,1.9319402,0.0,1.1811179,0.0,-0.74,21.78,4.997963,0.80220157,9.319078,13.711961
4.3319674,0.0,2.3250756,0.0,2.0335853,0.0,-0.11,21.37,8.690628,1.8849049,0.0,1.9319402,0.0,1.1811179,0.0,-0.74,21.77,4.997963,0.8029716,9.316418,13.688591
4.3319674,0.0,2.3250756,0.0,2.0524309,0.0,-0.09,21.33,8.709474,1.9063909,0.0,1.9319402,0.0,1.1700659,0.0,-0.77,21.83,5.008397,0.81044084,9.313498,13.717871
4.3319674,0.0,2.3250756,0.0,2.0335853,0.0,-0.1,21.35,8.690628,1.8849049,0.0,2.0111141,0.0,1.1700659,0.0,-0.8,21.83,5.066085,0.81044084,9.313498,13.756713
4.3319674,0.0,2.3250756,0.0,2.0524309,0.0,-0.1,21.36,8.709474,1.9063909,0.0,1.9319402,0.0,1.1773924,0.0,-0.75,21.8,5.0157237,0.81378514,9.344157,13.725197
4.3319674,0.0,2.3250756,0.0,2.0335853,0.0,-0.11,21.38,8.690628,1.9063909,0.0,1.9319402,0.0,1.1773924,0.0,-0.76,21.82,5.0157237,0.81378514,9.344157,13.706352
4.3319674,0.0,2.3250756,0.0,2.0335853,0.0,-0.12,21.39,8.690628,1.9063909,0.0,1.9319402,0.0,1.1811179,0.0,-0.74,21.79,5.019449,0.8102516,9.303737,13.710077
4.3319674,0.0,2.3484447,0.0,2.0335853,0.0,-0.12,21.39,8.713998,1.9063909,0.0,1.9319402,0.0,1.184886,0.0,-0.74,21.78,5.023217,0.8064088,9.314358,13.737215
4.3319674,0.0,2.3250756,0.0,2.0335853,0.0,-0.14,21.44,8.690628,1.9063909,0.0,1.9319402,0.0,1.1811179,0.0,-0.74,21.79,5.019449,0.8064088,9.314358,13.710077
4.3319674,0.0,2.4249597,0.0,2.0335853,0.0,-0.19,21.44,8.790512,1.9063909,0.0,1.9319402,0.0,1.184886,0.0,-0.74,21.78,5.023217,0.79640037,9.34032,13.813729
4.3319674,0.0,2.3250756,0.0,2.0335853,0.0,-0.11,21.38,8.690628,1.9063909,0.0,1.9319402,0.0,1.184886,0.0,-0.75,21.8,5.023217,0.79640037,9.34032,13.713845
4.3319674,0.0,2.3484447,0.0,2.0335853,0.0,-0.13,21.42,8.713998,1.8849049,0.0,1.9319402,0.0,1.184886,0.0,-0.72,21.74,5.001731,0.80871606,9.309035,13.715729
4.3319674,0.0,2.3484447,0.0,2.0524309,0.0,-0.11,21.39,8.732843,1.8849049,0.0,1.9081295,0.0,1.184886,0.0,-0.73,21.76,4.9779205,0.80658937,9.324129,13.710764
4.3319674,0.0,2.3250756,0.0,2.0524309,0.0,-0.11,21.39,8.709474,1.9063909,0.0,1.9319402,0.0,1.184886,0.0,-0.74,21.79,5.023217,0.80658937,9.324129,13.732691
4.3319674,0.0,2.3250756,0.0,2.0335853,0.0,-0.13,21.42,8.690628,1.9063909,0.0,1.9319402,0.0,1.1811179,0.0,-0.75,21.79,5.019449,0.80871606,9.309035,13.710077
4.5672274,0.0,2.3026474,0.0,2.0335853,0.0,-0.13,21.47,8.9034605,1.9063909,0.0,1.9319402,0.0,1.184886,0.0,-0.75,21.8,5.023217,0.80871606,9.309035,13.926678
4.5672274,0.0,2.3250756,0.0,2.0335853,0.0,-0.14,21.44,8.925888,1.9063909,0.0,1.9319402,0.0,1.184886,0.0,-0.74,21.78,5.023217,0.7979674,9.144225,13.949105
4.5672274,0.0,2.3250756,0.0,2.0524309,0.0,-0.14,21.46,8.944734,1.9063909,0.0,1.9319402,0.0,1.184886,0.0,-0.74,21.79,5.023217,0.7994006,9.157225,13.967951
4.5672274,0.0,2.3250756,0.0,2.0524309,0.0,-0.13,21.44,8.944734,1.9063909,0.0,1.9569639,0.0,1.1925534,0.0,-0.74,21.77,5.055908,0.7994006,9.157225,14.000642
4.5672274,0.0,2.3250756,0.0,2.0335853,0.0,-0.14,21.47,8.925888,1.9063909,0.0,1.9319402,0.0,1.1737086,0.0,-0.75,21.81,5.0120397,0.7939105,9.16969,13.937927
4.5672274,0.0,2.3484447,0.0,2.0335853,0.0,-0.16,21.48,8.949258,1.9063909,0.0,1.9081295,0.0,1.2004017,0.0,-0.71,21.74,5.014922,0.7939105,9.16969,13.96418
4.5672274,0.0,2.3250756,0.0,2.0524309,0.0,-0.14,21.48,8.944734,1.9063909,0.0,1.9319402,0.0,1.1700659,0.0,-0.77,21.83,5.008397,0.7886174,9.159411,13.953131
4.5672274,0.0,2.372827,0.0,2.0524309,0.0,-0.15,21.46,8.992485,1.9063909,0.0,1.9081295,0.0,1.1629002,0.0,-0.77,21.85,4.977421,0.7886174,9.159411,13.969906
4.5672274,0.0,2.3250756,0.0,2.0335853,0.0,-0.15,21.49,8.925888,1.9063909,0.0,1.9081295,0.0,1.1700659,0.0,-0.76,21.82,4.9845862,0.7973137,9.146625,13.910475
4.5672274,0.0,2.3026474,0.0,2.0335853,0.0,-0.13,21.47,8.9034605,1.9063909,0.0,1.9081295,0.0,1.1629002,0.0,-0.78,21.86,4.977421,0.8006068,9.121955,13.880881
4.5672274,0.0,2.3250756,0.0,2.0335853,0.0,-0.15,21.5,8.925888,1.8849049,0.0,1.9081295,0.0,1.1664634,0.0,-0.76,21.82,4.9594975,0.8006068,9.121955,13.8853855
4.5672274,0.0,2.3250756,0.0,2.0335853,0.0,-0.14,21.49,8.925888,1.9063909,0.0,1.9081295,0.0,1.1664634,0.0,-0.77,21.84,4.9809837,0.7950217,9.129007,13.906872
4.5672274,0.0,2.3026474,0.0,2.0335853,0.0,-0.15,21.5,8.9034605,1.9063909,0.0,1.9081295,0.0,1.1737086,0.0,-0.75,21.81,4.988229,0.8013334,9.119391,13.891689
4.5672274,0.0,2.3250756,0.0,2.0335853,0.0,-0.15,21.51,8.925888,1.8849049,0.0,1.9081295,0.0,1.1700659,0.0,-0.76,21.82,4.9631004,0.8013334,9.119391,13.8889885
4.5672274,0.0,2.3250756,0.0,2.0335853,0.0,-0.16,21.51,8.925888,1.8849049,0.0,1.9081295,0.0,1.1664634,0.0,-0.76,21.82,4.9594975,0.7942967,9.131567,13.8853855
4.5672274,0.0,2.3026474,0.0,2.0335853,0.0,-0.14,21.48,8.9034605,1.9063909,0.0,1.9081295,0.0,1.1558894,0.0,-0.79,21.88,4.97041,0.7942967,9.131567,13.873871
4.5672274,0.0,2.3250756,0.0,2.0335853,0.0,-0.16,21.51,8.925888,1.8849049,0.0,1.9081295,0.0,1.1593758,0.0,-0.77,21.83,4.95241,0.8034684,9.11186,13.878298
4.5672274,0.0,2.3026474,0.0,2.0524309,0.0,-0.14,21.51,8.922306,1.9063909,0.0,1.9081295,0.0,1.1629002,0.0,-0.77,21.84,4.977421,0.8037043,9.121347,13.899727
5.640304,0.0,2.3026474,0.0,2.0335853,0.0,-0.26,21.81,9.976537,1.9063909,0.0,1.9081295,0.0,1.1593758,0.0,-0.77,21.85,4.973896,0.8037043,9.121347,14.950433
4.5672274,0.0,2.3250756,0.0,2.0335853,0.0,-0.17,21.54,8.925888,1.9063909,0.0,1.9081295,0.0,1.1593758,0.0,-0.78,21.86,4.973896,0.79985535,9.122229,13.899784
4.5672274,0.0,2.3026474,0.0,2.0335853,0.0,-0.16,21.53,8.9034605,1.9289168,0.0,1.9081295,0.0,1.1629002,0.0,-0.79,21.9,4.9999466,0.79985535,9.122229,13.903407
4.5672274,0.0,2.3026474,0.0,2.0335853,0.0,-0.15,21.51,8.9034605,1.9063909,0.0,1.9081295,0.0,1.1629002,0.0,-0.77,21.84,4.977421,0.8056136,9.115046,13.880881
4.5672274,0.0,2.3250756,0.0,2.0720394,0.0,-0.11,21.44,8.964342,1.9063909,0.0,1.9081295,0.0,1.1629002,0.0,-0.78,21.87,4.977421,0.8079741,9.135421,13.941763
4.5672274,0.0,2.3026474,0.0,2.0335853,0.0,-0.15,21.51,8.9034605,1.9063909,0.0,1.9081295,0.0,1.1629002,0.0,-0.77,21.84,4.977421,0.8079741,9.135421,13.880881
4.5672274,0.0,2.3026474,0.0,2.0524309,0.0,-0.15,21.53,8.922306,1.9063909,0.0,1.9081295,0.0,1.1558894,0.0,-0.78,21.87,4.97041,0.8063884,9.122119,13.892715
4.5672274,0.0,2.3983023,0.0,2.0335853,0.0,-0.21,21.56,8.999115,1.9063909,0.0,1.9081295,0.0,1.1558894,0.0,-0.78,21.87,4.97041,0.8063884,9.122119,13.969524
4.5672274,0.0,2.3026474,0.0,2.0335853,0.0,-0.15,21.52,8.9034605,1.8849049,0.0,1.9081295,0.0,1.1456511,0.0,-0.79,21.87,4.9386854,0.79111946,9.145331,13.842146
4.5672274,0.0,2.3026474,0.0,2.0335853,0.0,-0.16,21.54,8.9034605,1.9063909,0.0,1.9081295,0.0,1.1524403,0.0,-0.79,21.89,4.966961,0.79111946,9.145331,13.870421
4.5672274,0.0,2.3250756,0.0,2.0524309,0.0,-0.15,21.51,8.944734,1.9063909,0.0,1.9081295,0.0,1.1490277,0.0,-0.8,21.89,4.963548,0.8055862,9.122557,13.908281
4.5672274,0.0,2.3026474,0.0,2.0335853,0.0,-0.15,21.51,8.9034605,1.9063909,0.0,1.9081295,0.0,1.1524403,0.0,-0.79,21.88,4.966961,0.80485564,9.106969,13.870421
4.5672274,0.0,2.3026474,0.0,2.0335853,0.0,-0.16,21.54,8.9034605,1.8849049,0.0,1.9081295,0.0,1.1524403,0.0,-0.78,21.86,4.9454746,0.80485564,9.106969,13.848935
4.5672274,0.0,2.3250756,0.0,2.0335853,0.0,-0.15,21.5,8.925888,1.9063909,0.0,1.9081295,0.0,1.1558894,0.0,-0.78,21.87,4.97041,0.80075884,9.111123,13.896297
4.5672274,0.0,2.4249597,0.0,2.0524309,0.0,-0.22,21.54,9.044618,1.9063909,0.0,1.9081295,0.0,1.1629002,0.0,-0.78,21.87,4.977421,0.7920275,9.159748,14.022038
4.5672274,0.0,2.3026474,0.0,2.0524309,0.0,-0.13,21.49,8.922306,1.9063909,0.0,1.9081295,0.0,1.1886975,0.0,-0.74,21.79,5.0032177,0.7920275,9.159748,13.925524
4.5672274,0.0,2.3250756,0.0,2.0524309,0.0,-0.14,21.51,8.944734,1.9063909,0.0,1.9081295,0.0,1.1629002,0.0,-0.78,21.86,4.977421,0.7982933,9.148232,13.922154
4.849434,0.0,2.3026474,0.0,2.0524309,0.0,-0.16,21.55,9.204513,1.9289168,0.0,1.9081295,0.0,1.1593758,0.0,-0.81,21.93,4.996422,0.7982933,9.148232,14.200934
4.849434,0.0,2.3250756,0.0,2.0524309,0.0,-0.15,21.53,9.22694,1.9063909,0.0,1.9081295,0.0,1.1629002,0.0,-0.78,21.85,4.977421,0.79453963,8.936609,14.204361
4.849434,0.0,2.3250756,0.0,2.0524309,0.0,-0.15,21.54,9.22694,1.9289168,0.0,1.9319402,0.0,1.1593758,0.0,-0.81,21.92,5.0202327,0.78751516,8.948587,14.247173
4.5672274,0.0,2.3250756,0.0,2.0524309,0.0,-0.15,21.52,8.944734,1.9289168,0.0,1.9319402,0.0,1.1558894,0.0,-0.82,21.95,5.0167465,0.78751516,8.948587,13.96148
4.849434,0.0,2.3026474,0.0,2.0720394,0.0,-0.14,21.54,9.224121,1.9525745,0.0,1.9081295,0.0,1.1524403,0.0,-0.83,21.97,5.0131445,0.7999809,8.9515505,14.237266
4.849434,0.0,2.3250756,0.0,2.0524309,0.0,-0.18,21.61,9.22694,1.9289168,0.0,1.9319402,0.0,1.1490277,0.0,-0.85,21.98,5.009885,0.7999809,8.9515505,14.236825
5.640304,0.0,2.3250756,0.0,2.0720394,0.0,-0.24,21.8,10.037419,1.9289168,0.0,1.9081295,0.0,1.1423098,0.0,-0.83,21.97,4.979356,0.79408735,8.949085,15.016775
4.849434,0.0,2.3026474,0.0,2.0720394,0.0,-0.16,21.61,9.224121,1.9525745,0.0,1.9081295,0.0,1.1390032,0.0,-0.86,22.01,4.999707,0.8023226,8.930128,14.223828
4.849434,0.0,2.3250756,0.0,2.0720394,0.0,-0.15,21.57,9.246549,1.9525745,0.0,1.9081295,0.0,1.1357306,0.0,-0.87,22.04,4.9964347,0.8023226,8.930128,14.242983
5.196969,0.0,2.3026474,0.0,2.0924668,0.0,-0.16,21.61,9.592083,1.9525745,0.0,1.9319402,0.0,1.1456511,0.0,-0.86,22.02,5.0301657,0.79251444,8.717039,14.622249
5.196969,0.0,2.3026474,0.0,2.0720394,0.0,-0.17,21.64,9.571656,1.9525745,0.0,1.9081295,0.0,1.1456511,0.0,-0.85,22.01,5.0063553,0.79251444,8.717039,14.5780115
5.196969,0.0,2.3250756,0.0,2.0720394,0.0,-0.19,21.68,9.594084,1.9774677,0.0,1.9319402,0.0,1.1524403,0.0,-0.86,22.03,5.061848,0.7861196,8.718036,14.655931
5.196969,0.0,2.3250756,0.0,2.0924668,0.0,-0.19,21.69,9.6145115,1.9774677,0.0,1.9319402,0.0,1.1664634,0.0,-0.84,22.0,5.0758715,0.7906766,8.74742,14.690383
5.640304,0.0,2.3250756,0.0,2.0924668,0.0,-0.23,21.78,10.057846,1.9774677,0.0,1.9081295,0.0,1.1700659,0.0,-0.83,21.98,5.055663,0.7906766,8.74742,15.113509
5.640304,0.0,2.3983023,0.0,2.0720394,0.0,-0.31,21.87,10.110646,1.9774677,0.0,1.9081295,0.0,1.184886,0.0,-0.8,21.93,5.070483,0.7510236,8.51188,15.181129
5.640304,0.0,2.3250756,0.0,2.1593225,0.0,-0.15,21.7,10.124702,1.9525745,0.0,1.9319402,0.0,1.1886975,0.0,-0.79,21.9,5.073212,0.7510236,8.51188,15.197914
6.234694,0.0,2.3026474,0.0,2.0720394,0.0,-0.27,21.89,10.609381,1.9774677,0.0,1.9081295,0.0,1.2004017,0.0,-0.77,21.87,5.085999,0.726779,8.180437,15.695379
6.234694,0.0,2.3250756,0.0,2.0720394,0.0,-0.27,21.88,10.631809,1.9525745,0.0,1.9081295,0.0,1.2043959,0.0,-0.75,21.84,5.0650997,0.726779,8.180437,15.696909
6.234694,0.0,2.3250756,0.0,2.0720394,0.0,-0.28,21.89,10.631809,1.9525745,0.0,1.9081295,0.0,1.2125295,0.0,-0.73,21.8,5.0732336,0.7211702,8.187712,15.705043
6.234694,0.0,2.3250756,0.0,2.0524309,0.0,-0.3,21.93,10.612201,1.9525745,0.0,1.9081295,0.0,1.2125295,0.0,-0.71,21.77,5.0732336,0.7156602,8.187302,15.685434
6.234694,0.0,2.3026474,0.0,2.0720394,0.0,-0.29,21.96,10.609381,1.9289168,0.0,1.9081295,0.0,1.2166709,0.0,-0.7,21.75,5.053717,0.7156602,8.187302,15.663097
6.234694,0.0,2.3026474,0.0,2.0524309,0.0,-0.29,21.93,10.589772,1.9289168,0.0,1.8854326,0.0,1.2125295,0.0,-0.69,21.73,5.026879,0.7180603,8.188146,15.616652
6.234694,0.0,2.3026474,0.0,2.0335853,0.0,-0.32,22.0,10.570927,1.9063909,0.0,1.8854326,0.0,1.2166709,0.0,-0.67,21.7,5.0084944,0.71028054,8.1620455,15.579421
6.234694,0.0,2.2810953,0.0,2.0335853,0.0,-0.31,21.96,10.549375,1.9063909,0.0,1.8854326,0.0,1.2208636,0.0,-0.65,21.66,5.0126867,0.71028054,8.1620455,15.562061
7.09435,0.0,2.2810953,0.0,2.0335853,0.0,-0.33,22.04,11.409031,1.9063909,0.0,1.8854326,0.0,1.2381678,0.0,-0.61,21.59,5.029991,0.67082644,7.732833,16.439022
7.09435,0.0,2.2603614,0.0,2.0335853,0.0,-0.31,22.03,11.388297,1.8849049,0.0,1.8637617,0.0,1.247157,0.0,-0.58,21.54,4.9958234,0.67082644,7.732833,16.38412
7.09435,0.0,2.240392,0.0,2.0154514,0.0,-0.32,22.05,11.350193,1.8849049,0.0,1.8637617,0.0,1.2706974,0.0,-0.52,21.42,5.019364,0.67082644,7.732833,16.369556
7.09435,0.0,2.2211392,0.0,1.9979835,0.0,-0.35,22.13,11.313473,1.8447357,0.0,1.8637617,0.0,1.2907254,0.0,-0.45,21.27,4.9992228,0.65805334,7.721403,16.312695
7.09435,0.0,2.1846101,0.0,1.9648808,0.0,-0.36,22.16,11.243841,1.8259151,0.0,1.8430383,0.0,1.3065138,0.0,-0.39,21.17,4.975467,0.649023,7.734565,16.219309
7.09435,0.0,2.167257,0.0,1.9491731,0.0,-0.39,22.2,11.21078,1.7905082,0.0,1.8231928,0.0,1.3230171,0.0,-0.32,21.03,4.936718,0.6386404,7.6979265,16.1475
7.09435,0.0,2.150465,0.0,1.9192836,0.0,-0.39,22.21,11.164099,1.773822,0.0,1.8041618,0.0,1.3344446,0.0,-0.26,20.91,4.9124284,0.6386404,7.6979265,16.076527
7.09435,0.0,2.1184428,0.0,1.8912443,0.0,-0.4,22.22,11.104036,1.7577548,0.0,1.7858888,0.0,1.3174332,0.0,-0.25,20.91,4.861077,0.61831826,7.658119,15.965113
7.09435,0.0,2.0883214,0.0,1.864862,0.0,-0.41,22.24,11.047533,1.7273244,0.0,1.7683227,0.0,1.2907254,0.0,-0.27,20.94,4.786372,0.61831826,7.658119,15.833905
7.09435,0.0,2.059911,0.0,1.8399717,0.0,-0.38,22.17,10.994232,1.7273244,0.0,1.7351297,0.0,1.2756,0.0,-0.28,20.96,4.7380543,0.6151339,7.585952,15.732286
7.09435,0.0,2.0201507,0.0,1.8399717,0.0,-0.35,22.15,10.954472,1.7128927,0.0,1.7194222,0.0,1.247157,0.0,-0.31,21.04,4.679472,0.6151339,7.585952,15.633944
7.09435,0.0,1.9717654,0.0,1.8280406,0.0,-0.3,22.1,10.8941555,1.6989423,0.0,1.6896092,0.0,1.2658616,0.0,-0.25,20.94,4.654413,0.6206702,7.490856,15.548569
6.234694,0.0,1.9384683,0.0,1.8164304,0.0,-0.28,22.09,9.989593,1.6989423,0.0,1.6754421,0.0,1.2125295,0.0,-0.35,21.12,4.586914,0.65432686,7.882324,14.576507
7.09435,0.0,1.9175246,0.0,1.8164304,0.0,-0.26,22.07,10.828304,1.6989423,0.0,1.661731,0.0,1.1886975,0.0,-0.39,21.21,4.549371,0.65432686,7.882324,15.377675
7.09435,0.0,1.8877997,0.0,1.7941146,0.0,-0.26,22.08,10.776264,1.6989423,0.0,1.6484507,0.0,1.1524403,0.0,-0.45,21.33,4.499833,0.6309573,7.341762,15.276097
6.234694,0.0,1.8690141,0.0,1.8399717,0.0,-0.16,21.96,9.94368,1.6989423,0.0,1.6230925,0.0,1.1107068,0.0,-0.52,21.47,4.4327416,0.6309573,7.341762,14.376421
6.234694,0.0,1.842238,0.0,1.7833818,0.0,-0.19,21.98,9.860313,1.6723781,0.0,1.6484507,0.0,1.0766044,0.0,-0.59,21.54,4.3974333,0.6948446,7.703606,14.257747
5.640304,0.0,1.8169937,0.0,1.772916,0.0,-0.17,21.93,9.230214,1.6597157,0.0,1.5877622,0.0,1.058357,0.0,-0.58,21.56,4.305835,0.71817577,7.9761043,13.536049
5.196969,0.0,1.8009413,0.0,1.7527391,0.0,-0.14,21.85,8.750649,1.6474369,0.0,1.5658132,0.0,1.0508682,0.0,-0.57,21.54,4.264118,0.71817577,7.9761043,13.014768
4.849434,0.0,1.7854649,0.0,1.7527391,0.0,-0.12,21.83,8.387638,1.6355219,0.0,1.5658132,0.0,1.0508682,0.0,-0.55,21.51,4.252203,0.73888385,8.159791,12.639841
4.849434,0.0,1.7705289,0.0,1.7430075,0.0,-0.12,21.82,8.36297,1.623952,0.0,1.5766375,0.0,1.0317883,0.0,-0.6,21.58,4.232378,0.73888385,8.159791,12.595348
4.849434,0.0,1.756101,0.0,1.7335008,0.0,-0.11,21.81,8.339036,1.623952,0.0,1.545011,0.0,1.009592,0.0,-0.63,21.65,4.178555,0.7611078,8.357713,12.517591
5.640304,0.0,1.7286534,0.0,1.7242098,0.0,-0.12,21.89,9.093167,1.623952,0.0,1.525255,0.0,0.9792759,0.0,-0.69,21.76,4.128483,0.72077066,7.7992826,13.22165
5.196969,0.0,1.7220657,0.0,1.7242098,0.0,-0.1,21.86,8.643245,1.623952,0.0,1.5157411,0.0,0.928822,0.0,-0.8,21.97,4.0685153,0.72077066,7.7992826,12.71176
4.849434,0.0,1.7029123,0.0,1.7242098,0.0,-0.06,21.79,8.276556,1.6127104,0.0,1.4973917,0.0,0.8611577,0.0,-0.93,22.19,3.9712598,0.7634448,7.978025,12.247816
4.849434,0.0,1.6728663,0.0,1.7151263,0.0,-0.03,21.75,8.237427,1.6017808,0.0,1.4631581,0.0,0.7971164,0.0,-1.06,22.41,3.8620553,0.7634448,7.978025,12.099482
4.5672274,0.0,1.6558615,0.0,1.706242,0.0,-0.01,21.72,7.929331,1.5807991,0.0,1.4550675,0.0,0.7555624,0.0,-1.13,22.53,3.791429,0.8150685,8.024042,11.72076
4.3319674,0.0,1.6449165,0.0,1.7151263,0.0,0.02,21.65,7.69201,1.5807991,0.0,1.4471501,0.0,0.7273424,0.0,-1.19,22.63,3.7552917,0.8622791,8.325784,11.447302
4.1318073,0.0,1.6395558,0.0,1.706242,0.0,0.03,21.62,7.4776053,1.5707202,0.0,1.4318095,0.0,0.7108934,0.0,-1.21,22.68,3.713423,0.8622791,8.325784,11.191029
4.1318073,0.0,1.6395558,0.0,1.706242,0.0,0.04,21.61,7.4776053,1.5608994,0.0,1.4243747,0.0,0.6853095,0.0,-1.26,22.74,3.6705837,0.88531584,8.410006,11.14819
4.1318073,0.0,1.6395558,0.0,1.6890416,0.0,0.03,21.6,7.460405,1.5419873,0.0,1.4243747,0.0,0.675957,0.0,-1.27,22.76,3.642319,0.88519216,8.373865,11.102724
3.9587197,0.0,1.6342672,0.0,1.6725525,0.0,0.02,21.59,7.2655396,1.5152923,0.0,1.4170893,0.0,0.6392845,0.0,-1.32,22.84,3.5716662,0.88519216,8.373865,10.837206
3.6726496,0.0,1.6188182,0.0,1.6490439,0.0,0.03,21.54,6.9405117,1.4670908,0.0,1.382733,0.0,0.61929065,0.0,-1.32,22.84,3.4691145,0.91910106,8.660735,10.409626
3.4440944,0.0,1.5991333,0.0,1.6197596,0.0,0.05,21.47,6.662987,1.4246091,0.0,1.3698742,0.0,0.5818883,0.0,-1.37,22.91,3.3763714,0.91910106,8.660735,10.039358
3.0972743,0.0,1.5991333,0.0,1.634124,0.0,0.12,21.29,6.330531,1.3808331,0.0,1.3636184,0.0,0.57128143,0.0,-1.36,22.88,3.315733,0.97016394,9.065942,9.646264
2.8426557,0.0,1.5991333,0.0,1.5733745,0.0,0.09,21.24,6.0151634,1.3420905,0.0,1.3574734,0.0,0.5777923,0.0,-1.31,22.78,3.2773561,0.97016394,9.065942,9.29252
2.6451952,0.0,1.6239,0.0,1.555133,0.0,0.09,21.13,5.8242283,1.3169706,0.0,1.3514358,0.0,0.59676695,0.0,-1.23,22.63,3.2651734,0.9601837,9.284467,9.089401
2.561671,0.0,1.6088501,0.0,1.543456,0.0,0.12,21.06,5.7139773,1.284811,0.0,1.3455025,0.0,0.6295916,0.0,-1.11,22.39,3.2599049,0.9659919,9.587336,8.973883
2.450912,0.0,1.613802,0.0,1.5321417,0.0,0.12,21.01,5.5968556,1.2556429,0.0,1.3455025,0.0,0.633566,0.0,-1.06,22.29,3.2347112,0.9659919,9.587336,8.831567
2.4172819,0.0,1.6290492,0.0,1.5321417,0.0,0.13,20.97,5.5784726,1.236383,0.0,1.3455025,0.0,0.64909565,0.0,-0.99,22.14,3.2309809,0.94685614,9.796172,8.809454
2.4172819,0.0,1.6395558,0.0,1.5105247,0.0,0.08,21.02,5.5673623,1.2182784,0.0,1.3455025,0.0,0.6665636,0.0,-0.91,21.98,3.2303443,0.94685614,9.796172,8.797707
2.4172819,0.0,1.6449165,0.0,1.5105247,0.0,0.08,21.01,5.5727234,1.1979153,0.0,1.3396702,0.0,0.6473505,0.0,-0.93,22.02,3.184936,0.9172566,9.83547,8.75766
2.354255,0.0,1.6449165,0.0,1.4951298,0.0,0.08,20.99,5.4943013,1.1668504,0.0,1.3172952,0.0,0.62341404,0.0,-0.95,22.04,3.1075597,0.918781,9.883729,8.601861
2.296241,0.0,1.6449165,0.0,1.4901437,0.0,0.08,20.94,5.431301,1.1497122,0.0,1.3066428,0.0,0.62724936,0.0,-0.91,21.95,3.0836043,0.918781,9.883729,8.514906
2.2689097,0.0,1.6395558,0.0,1.4852271,0.0,0.09,20.91,5.3936925,1.1442237,0.0,1.3014418,0.0,0.6351811,0.0,-0.86,21.88,3.0808465,0.91803,9.914663,8.474539
2.296241,0.0,1.6449165,0.0,1.4803786,0.0,0.08,20.95,5.4215364,1.1442237,0.0,1.3014418,0.0,0.65488607,0.0,-0.8,21.76,3.1005514,0.91803,9.914663,8.522088
2.296241,0.0,1.6449165,0.0,1.4803786,0.0,0.08,20.94,5.4215364,1.1335603,0.0,1.2963214,0.0,0.6699697,0.0,-0.73,21.62,3.0998511,0.90364456,9.938109,8.521387
2.324664,0.0,1.6449165,0.0,1.4708787,0.0,0.04,21.01,5.4404593,1.1158363,0.0,1.2766023,0.0,0.67393994,0.0,-0.67,21.51,3.0663784,0.8893894,9.91642,8.506838
2.354255,0.0,1.6449165,0.0,1.4662247,0.0,0.03,21.05,5.465396,1.0991951,0.0,1.2671733,0.0,0.6530847,0.0,-0.71,21.57,3.019453,0.8893894,9.91642,8.484849
2.354255,0.0,1.6614496,0.0,1.4571,0.0,-0.02,21.1,5.4728045,1.0813608,0.0,1.2491068,0.0,0.6430601,0.0,-0.7,21.55,2.973528,0.87438935,9.853626,8.446333
2.354255,0.0,1.6614496,0.0,1.4526268,0.0,-0.01,21.08,5.4683313,1.0566875,0.0,1.2320125,0.0,0.64137226,0.0,-0.65,21.44,2.9300723,0.87438935,9.853626,8.398403
2.324664,0.0,1.6449165,0.0,1.4395478,0.0,-0.02,21.11,5.409128,1.0253454,0.0,1.2118795,0.0,0.62532115,0.0,-0.63,21.4,2.8625462,0.8654489,9.822845,8.271674
2.354255,0.0,1.6239,0.0,1.4228575,0.0,-0.04,21.18,5.4010124,1.00061,0.0,1.1821815,0.0,0.60921973,0.0,-0.62,21.38,2.7920113,0.8597753,9.766458,8.193024
2.3850968,0.0,1.603961,0.0,1.3955125,0.0,-0.1,21.28,5.38457,0.97249866,0.0,1.1650034,0.0,0.6030464,0.0,-0.57,21.27,2.7405486,0.8597753,9.766458,8.125118
2.3850968,0.0,1.589657,0.0,1.3600165,0.0,-0.16,21.4,5.33477,0.95243585,0.0,1.1519432,0.0,0.60103786,0.0,-0.52,21.17,2.7054172,0.843618,9.658325,8.040188
2.4172819,0.0,1.5943657,0.0,1.3311101,0.0,-0.23,21.5,5.3427577,0.93044525,0.0,1.148767,0.0,0.60507923,0.0,-0.45,21.0,2.6842914,0.843618,9.658325,8.027049
2.561671,0.0,1.5991333,0.0,1.3341947,0.0,-0.27,21.61,5.494999,0.932787,0.0,1.148767,0.0,0.62341404,0.0,-0.37,20.86,2.704968,0.8047814,9.585826,8.199966
2.4861004,0.0,1.603961,0.0,1.3341947,0.0,-0.26,21.58,5.424256,0.9040939,0.0,1.1425163,0.0,0.6295916,0.0,-0.26,20.62,2.6762018,0.7913569,9.531957,8.100458
2.522973,0.0,1.6088501,0.0,1.340456,0.0,-0.26,21.57,5.472279,0.88812095,0.0,1.1394405,0.0,0.6315676,0.0,-0.2,20.48,2.6591291,0.7913569,9.531957,8.131409
2.522973,0.0,1.5991333,0.0,1.3190666,0.0,-0.29,21.63,5.441173,0.8750484,0.0,1.127455,0.0,0.61929065,0.0,-0.21,20.49,2.621794,0.7676013,9.48996,8.062967
2.522973,0.0,1.589657,0.0,1.31033,0.0,-0.31,21.67,5.42296,0.8627296,0.0,1.1103683,0.0,0.5777923,0.0,-0.35,20.77,2.55089,0.7676013,9.48996,7.97385
2.561671,0.0,1.5850056,0.0,1.3018332,0.0,-0.34,21.73,5.4485097,0.8423834,0.0,1.0890862,0.0,0.55125123,0.0,-0.4,20.87,2.4827209,0.7768688,9.397628,7.9312305
2.6023524,0.0,1.5758708,0.0,1.2990524,0.0,-0.34,21.75,5.4772754,0.8252897,0.0,1.0741318,0.0,0.5303082,0.0,-0.44,20.94,2.4297297,0.7706125,9.24474,7.9070053
2.6023524,0.0,1.5625705,0.0,1.2935652,0.0,-0.34,21.75,5.458488,0.80822027,0.0,1.0622659,0.0,0.47259507,0.0,-0.67,21.38,2.3430812,0.7706125,9.24474,7.801569
2.6451952,0.0,1.5582398,0.0,1.290858,0.0,-0.35,21.79,5.494293,0.7871516,0.0,1.0553885,0.0,0.45598695,0.0,-0.69,21.41,2.298527,0.7887422,9.117866,7.79282
2.6451952,0.0,1.5539588,0.0,1.2802645,0.0,-0.36,21.81,5.4794183,0.7639623,0.0,1.0486827,0.0,0.45030418,0.0,-0.64,21.3,2.2629492,0.7887422,9.117866,7.7423677
2.6451952,0.0,1.5669518,0.0,1.2700297,0.0,-0.4,21.86,5.4821763,0.73339987,0.0,1.0599538,0.0,0.46442053,0.0,-0.46,20.89,2.257774,0.7758686,9.021175,7.73995
2.6451952,0.0,1.5455418,0.0,1.277673,0.0,-0.36,21.8,5.4684095,0.69522816,0.0,1.0443041,0.0,0.48573455,0.0,-0.17,20.28,2.2252667,0.7631791,9.04687,7.693676
2.6451952,0.0,1.5332649,0.0,1.2650402,0.0,-0.37,21.84,5.4435005,0.6703366,0.0,1.0295254,0.0,0.4615474,0.0,-0.2,20.32,2.1614094,0.7631791,9.04687,7.60491
2.6023524,0.0,1.5253024,0.0,1.257709,0.0,-0.38,21.85,5.385364,0.6605984,0.0,1.0214397,0.0,0.44749835,0.0,-0.24,20.39,2.1295364,0.74508315,9.051412,7.5149
2.6023524,0.0,1.5175097,0.0,1.2482076,0.0,-0.38,21.85,5.3680696,0.6337787,0.0,1.0059882,0.0,0.4296632,0.0,-0.22,20.34,2.06943,0.74508315,9.051412,7.4375
2.561671,0.0,1.502409,0.0,1.2553049,0.0,-0.35,21.81,5.319385,0.6052127,0.0,0.99859816,0.0,0.42352822,0.0,-0.12,20.09,2.027339,0.742631,8.98171,7.346724
2.522973,0.0,1.4843832,0.0,1.2601328,0.0,-0.3,21.75,5.267489,0.57942504,0.0,0.9896531,0.0,0.40440473,0.0,-0.11,20.05,1.973483,0.75715667,9.051536,7.240972
2.4861004,0.0,1.4573212,0.0,1.2435694,0.0,-0.3,21.76,5.1869907,0.5409516,0.0,0.9710298,0.0,Infinity,0.0,2.74,14.02,Infinity,0.75715667,9.051536,Infinity
2.522973,0.0,1.4352478,0.0,1.2278906,0.0,-0.31,21.79,5.1861115,0.50654984,0.0,0.95986897,0.0,Infinity,0.0,2.78,13.88,Infinity,NaN,NaN,Infinity
2.4861004,0.0,1.4116435,0.0,1.223562,0.0,-0.28,21.77,5.121306,0.45669603,0.0,0.9418513,0.0,Infinity,0.0,2.83,13.69,Infinity,NaN,NaN,Infinity
2.4172819,0.0,1.4116435,0.0,1.2150948,0.0,-0.29,21.76,5.04402,Infinity,0.0,0.9250946,0.0,Infinity,0.0,1.0,21.0,Infinity,NaN,NaN,Infinity
2.3850968,0.0,1.3639117,0.0,1.2109531,0.0,-0.23,21.71,4.959962,Infinity,0.0,0.90945214,0.0,Infinity,0.0,1.0,21.0,Infinity,NaN,NaN,Infinity
2.3850968,0.0,1.3266364,0.0,1.2214217,0.0,-0.16,21.65,4.933155,Infinity,0.0,0.90446377,0.0,Infinity,0.0,1.0,21.0,Infinity,NaN,NaN,Infinity
2.3850968,0.0,1.2952596,0.0,1.2300794,0.0,-0.09,21.6,4.9104357,Infinity,0.0,0.8866697,0.0,Infinity,0.0,1.0,21.0,Infinity,NaN,NaN,Infinity
2.354255,0.0,1.2491513,0.0,1.2367464,0.0,-0.01,21.54,4.8401527,Infinity,0.0,0.87772256,0.0,Infinity,0.0,1.0,21.0,Infinity,NaN,NaN,Infinity
2.354255,0.0,1.2198517,0.0,1.2458794,0.0,0.04,21.49,4.8199863,Infinity,0.0,0.8712398,0.0,Infinity,0.0,1.0,21.0,Infinity,NaN,NaN,Infinity
2.324664,0.0,1.2003766,0.0,1.2553049,0.0,0.1,21.44,4.7803454,Infinity,0.0,0.8568146,0.0,Infinity,0.0,1.0,21.0,Infinity,NaN,NaN,Infinity
2.296241,0.0,1.1918133,0.0,1.2601328,0.0,0.12,21.4,4.748187,Infinity,0.0,0.8548294,0.0,Infinity,0.0,1.0,21.0,Infinity,NaN,NaN,Infinity
2.2689097,0.0,1.189015,0.0,1.2700297,0.0,0.15,21.35,4.7279544,Infinity,0.0,0.8499442,0.0,Infinity,0.0,1.0,21.0,Infinity,NaN,NaN,Infinity
2.1928053,0.0,1.1714691,0.0,1.2828784,0.0,0.22,21.26,4.647153,Infinity,0.0,0.830559,0.0,Infinity,0.0,1.0,21.0,Infinity,NaN,NaN,Infinity
2.1030405,0.0,1.1324693,0.0,1.2855151,0.0,0.3,21.17,4.5210247,Infinity,0.0,0.8168963,0.0,Infinity,0.0,1.0,21.0,Infinity,NaN,NaN,Infinity
1.9881129,0.0,1.087599,0.0,1.2990524,0.0,0.39,21.06,4.3747644,Infinity,0.0,0.777886,0.0,Infinity,0.0,1.0,21.0,Infinity,NaN,NaN,Infinity
1.9063543,0.0,0.9856144,0.0,1.290858,0.0,0.52,21.0,4.182827,Infinity,0.0,0.72823995,0.0,Infinity,0.0,1.0,21.0,Infinity,NaN,NaN,Infinity
1.808157,0.0,0.8337766,0.0,Infinity,0.0,1.14,20.44,Infinity,Infinity,0.0,0.65606993,0.0,Infinity,0.0,1.0,21.0,Infinity,NaN,NaN,Infinity
1.7029338,0.0,0.6697242,0.0,Infinity,0.0,1.08,20.67,Infinity,Infinity,0.0,0.5329697,0.0,Infinity,0.0,1.0,21.0,Infinity,NaN,NaN,Infinity
1.556207,0.0,Infinity,0.0,Infinity,0.0,3.0,13.0,Infinity,Infinity,0.0,Infinity,0.0,Infinity,0.0,0.0,0.0,Infinity,NaN,NaN,Infinity
1.4628499,0.0,Infinity,0.0,Infinity,0.0,3.0,13.0,Infinity,Infinity,0.0,Infinity,0.0,Infinity,0.0,0.0,0.0,Infinity,NaN,NaN,Infinity
1.359,0.0,Infinity,0.0,Infinity,0.0,3.0,13.0,Infinity,Infinity,0.0,Infinity,0.0,Infinity,0.0,0.0,0.0,Infinity,NaN,NaN,Infinity
1.2175654,0.0,Infinity,0.0,0.91928047,0.0,-0.73,21.2,Infinity,Infinity,0.0,Infinity,0.0,Infinity,0.0,0.0,0.0,Infinity,NaN,NaN,Infinity
1.00897,0.0,Infinity,0.0,0.8226614,0.0,-0.67,21.07,Infinity,Infinity,0.0,Infinity,0.0,Infinity,0.0,0.0,0.0,Infinity,NaN,NaN,Infinity
0.7764382,0.0,Infinity,0.0,0.6826927,0.0,-0.69,21.11,Infinity,Infinity,0.0,Infinity,0.0,Infinity,0.0,0.0,0.0,Infinity,NaN,NaN,Infinity
0.42255357,0.0,Infinity,0.0,Infinity,0.0,3.0,13.0,Infinity,Infinity,0.0,Infinity,0.0,Infinity,0.0,0.0,0.0,Infinity,NaN,NaN,Infinity
Infinity,0.0,Infinity,0.0,Infinity,0.0,0.0,0.0,Infinity,Infinity,0.0,Infinity,0.0,Infinity,0.0,0.0,0.0,Infinity,NaN,NaN,Infinity
Infinity,0.0,Infinity,0.0,Infinity,0.0,0.0,0.0,Infinity,Infinity,0.0,Infinity,0.0,Infinity,0.0,0.0,0.0,Infinity,NaN,NaN,Infinity
Infinity,0.0,Infinity,0.0,Infinity,0.0,0.0,0.0,Infinity,Infinity,0.0,Infinity,0.0,Infinity,0.0,0.0,0.0,Infinity,NaN,NaN,Infinity
Infinity,0.0,Infinity,0.0,Infinity,0.0,0.0,0.0,Infinity,Infinity,0.0,Infinity,0.0,Infinity,0.0,0.0,0.0,Infinity,NaN,NaN,Infinity
Infinity,0.0,Infinity,0.0,Infinity,0.0,0.0,0.0,Infinity,Infinity,0.0,Infinity,0.0,Infinity,0.0,0.0,0.0,Infinity,NaN,NaN,Infinity
Infinity,0.0,Infinity,0.0,Infinity,0.0,0.0,0.0,Infinity,Infinity,0.0,Infinity,0.0,Infinity,0.0,0.0,0.0,Infinity,NaN,NaN,Infinity
Infinity,0.0,Infinity,0.0,Infinity,0.0,0.0,0.0,Infinity,Infinity,0.0,Infinity,0.0,Infinity,0.0,0.0,0.0,Infinity,NaN,NaN,Infinity
Infinity,0.0,Infinity,0.0,Infinity,0.0,0.0,0.0,Infinity,Infinity,0.0,Infinity,0.0,Infinity,0.0,0.0,0.0,Infinity,NaN,NaN,Infinity
Infinity,0.0,Infinity,0.0,Infinity,0.0,0.0,0.0,Infinity,Infinity,0.0,Infinity,0.0,Infinity,0.0,0.0,0.0,Infinity,NaN,NaN,Infinity
Infinity,0.0,Infinity,0.0,Infinity,0.0,0.0,0.0,Infinity,Infinity,0.0,Infinity,0.0,Infinity,0.0,0.0,0.0,Infinity,NaN,NaN,Infinity
Infinity,0.0,Infinity,0.0,Infinity,0.0,0.0,0.0,Infinity,Infinity,0.0,Infinity,0.0,Infinity,0.0,0.0,0.0,Infinity,NaN,NaN,Infinity
Infinity,0.0,Infinity,0.0,Infinity,0.0,0.0,0.0,Infinity,Infinity,0.0,Infinity,0.0,Infinity,0.0,0.0,0.0,Infinity,NaN,NaN,Infinity
Infinity,0.0,Infinity,0.0,Infinity,0.0,0.0,0.0,Infinity,Infinity,0.0,Infinity,0.0,Infinity,0.0,0.0,0.0,Infinity,NaN,NaN,Infinity
Infinity,0.0,Infinity,0.0,Infinity,0.0,0.0,0.0,Infinity,Infinity,0.0,Infinity,0.0,Infinity,0.0,0.0,0.0,Infinity,NaN,NaN,Infinity
Infinity,0.0,Infinity,0.0,Infinity,0.0,0.0,0.0,Infinity,Infinity,0.0,Infinity,0.0,Infinity,0.0,0.0,0.0,Infinity,NaN,NaN,Infinity
Infinity,0.0,Infinity,0.0,Infinity,0.0,0.0,0.0,Infinity,Infinity,0.0,Infinity,0.0,Infinity,0.0,0.0,0.0,Infinity,NaN,NaN,Infinity
Infinity,0.0,Infinity,0.0,Infinity,0.0,0.0,0.0,Infinity,Infinity,0.0,Infinity,0.0,Infinity,0.0,0.0,0.0,Infinity,NaN,NaN,Infinity
Infinity,0.0,Infinity,0.0,Infinity,0.0,0.0,0.0,Infinity,Infinity,0.0,Infinity,0.0,Infinity,0.0,0.0,0.0,Infinity,NaN,NaN,Infinity
Infinity,0.0,Infinity,0.0,Infinity,0.0,0.0,0.0,Infinity,Infinity,0.0,Infinity,0.0,Infinity,0.0,0.0,0.0,Infinity,NaN,NaN,Infinity
Infinity,0.0,Infinity,0.0,Infinity,0.0,0.0,0.0,Infinity,Infinity,0.0,Infinity,0.0,Infinity,0.0,0.0,0.0,Infinity,NaN,NaN,Infinity
Infinity,0.0,Infinity,0.0,Infinity,0.0,0.0,0.0,Infinity,Infinity,0.0,Infinity,0.0,Infinity,0.0,0.0,0.0,Infinity,NaN,NaN,Infinity
Infinity,0.0,Infinity,0.0,Infinity,0.0,0.0,0.0,Infinity,Infinity,0.0,Infinity,0.0,Infinity,0.0,0.0,0.0,Infinity,NaN,NaN,Infinity
Infinity,0.0,Infinity,0.0,Infinity,0.0,0.0,0.0,Infinity,Infinity,0.0,Infinity,0.0,Infinity,0.0,0.0,0.0,Infinity,NaN,NaN,Infinity
Infinity,0.0,Infinity,0.0,Infinity,0.0,0.0,0.0,Infinity,Infinity,0.0,Infinity,0.0,Infinity,0.0,0.0,0.0,Infinity,NaN,NaN,Infinity
Infinity,0.0,Infinity,0.0,Infinity,0.0,0.0,0.0,Infinity,Infinity,0.0,Infinity,0.0,Infinity,0.0,0.0,0.0,Infinity,NaN,NaN,Infinity
Infinity,0.0,Infinity,0.0,Infinity,0.0,0.0,0.0,Infinity,Infinity,0.0,Infinity,0.0,Infinity,0.0,0.0,0.0,Infinity,NaN,NaN,Infinity
Infinity,0.0,Infinity,0.0,Infinity,0.0,0.0,0.0,Infinity,Infinity,0.0,Infinity,0.0,Infinity,0.0,0.0,0.0,Infinity,NaN,NaN,Infinity
Infinity,0.0,Infinity,0.0,Infinity,0.0,0.0,0.0,Infinity,Infinity,0.0,Infinity,0.0,Infinity,0.0,0.0,0.0,Infinity,NaN,NaN,Infinity
Infinity,0.0,Infinity,0.0,Infinity,0.0,0.0,0.0,Infinity,Infinity,0.0,Infinity,0.0,Infinity,0.0,0.0,0.0,Infinity,NaN,NaN,Infinity
Infinity,0.0,Infinity,0.0,Infinity,0.0,0.0,0.0,Infinity,Infinity,0.0,Infinity,0.0,Infinity,0.0,0.0,0.0,Infinity,NaN,NaN,Infinity
Infinity,0.0,Infinity,0.0,Infinity,0.0,0.0,0.0,Infinity,Infinity,0.0,Infinity,0.0,Infinity,0.0,0.0,0.0,Infinity,NaN,NaN,Infinity
Infinity,0.0,Infinity,0.0,Infinity,0.0,0.0,0.0,Infinity,Infinity,0.0,Infinity,0.0,Infinity,0.0,0.0,0.0,Infinity,NaN,NaN,Infinity
Infinity,0.0,Infinity,0.0,Infinity,0.0,0.0,0.0,Infinity,Infinity,0.0,Infinity,0.0,Infinity,0.0,0.0,0.0,Infinity,NaN,NaN,Infinity
Infinity,0.0,Infinity,0.0,Infinity,0.0,0.0,0.0,Infinity,Infinity,0.0,Infinity,0.0,Infinity,0.0,0.0,0.0,Infinity,NaN,NaN,Infinity
Infinity,0.0,Infinity,0.0,Infinity,0.0,0.0,0.0,Infinity,Infinity,0.0,Infinity,0.0,Infinity,0.0,0.0,0.0,Infinity,NaN,NaN,Infinity
Infinity,0.0,Infinity,0.0,Infinity,0.0,0.0,0.0,Infinity,Infinity,0.0,Infinity,0.0,Infinity,0.0,0.0,0.0,Infinity,NaN,NaN,Infinity
Infinity,0.0,Infinity,0.0,Infinity,0.0,0.0,0.0,Infinity,Infinity,0.0,Infinity,0.0,Infinity,0.0,0.0,0.0,Infinity,NaN,NaN,Infinity
Infinity,0.0,Infinity,0.0,Infinity,0.0,0.0,0.0,Infinity,Infinity,0.0,Infinity,0.0,Infinity,0.0,0.0,0.0,Infinity,NaN,NaN,Infinity
Infinity,0.0,Infinity,0.0,Infinity,0.0,0.0,0.0,Infinity,Infinity,0.0,Infinity,0.0,Infinity,0.0,0.0,0.0,Infinity,NaN,NaN,Infinity
Infinity,0.0,Infinity,0.0,Infinity,0.0,0.0,0.0,Infinity,Infinity,0.0,Infinity,0.0,Infinity,0.0,0.0,0.0,Infinity,NaN,NaN,Infinity
Infinity,0.0,Infinity,0.0,Infinity,0.0,0.0,0.0,Infinity,Infinity,0.0,Infinity,0.0,Infinity,0.0,0.0,0.0,Infinity,NaN,NaN,Infinity
Infinity,0.0,Infinity,0.0,Infinity,0.0,0.0,0.0,Infinity,Infinity,0.0,Infinity,0.0,Infinity,0.0,0.0,0.0,Infinity,NaN,NaN,Infinity
Infinity,0.0,Infinity,0.0,Infinity,0.0,0.0,0.0,Infinity,Infinity,0.0,Infinity,0.0,Infinity,0.0,0.0,0.0,Infinity,NaN,NaN,Infinity
Infinity,0.0,Infinity,0.0,Infinity,0.0,0.0,0.0,Infinity,Infinity,0.0,Infinity,0.0,Infinity,0.0,0.0,0.0,Infinity,NaN,NaN,Infinity
Infinity,0.0,Infinity,0.0,Infinity,0.0,0.0,0.0,Infinity,Infinity,0.0,Infinity,0.0,Infinity,0.0,0.0,0.0,Infinity,NaN,NaN,Infinity
Infinity,0.0,Infinity,0.0,Infinity,0.0,0.0,0.0,Infinity,Infinity,0.0,Infinity,0.0,Infinity,0.0,0.0,0.0,Infinity,NaN,NaN,Infinity
Infinity,0.0,Infinity,0.0,Infinity,0.0,0.0,0.0,Infinity,Infinity,0.0,Infinity,0.0,Infinity,0.0,0.0,0.0,Infinity,NaN,NaN,Infinity
Infinity,0.0,Infinity,0.0,Infinity,0.0,0.0,0.0,Infinity,Infinity,0.0,Infinity,0.0,Infinity,0.0,0.0,0.0,Infinity,NaN,NaN,Infinity
Infinity,0.0,Infinity,0.0,Infinity,0.0,0.0,0.0,Infinity,Infinity,0.0,Infinity,0.0,Infinity,0.0,0.0,0.0,Infinity,NaN,NaN,Infinity
Infinity,0.0,Infinity,0.0,Infinity,0.0,0.0,0.0,Infinity,Infinity,0.0,Infinity,0.0,Infinity,0.0,0.0,0.0,Infinity,NaN,NaN,Infinity
Infinity,0.0,Infinity,0.0,Infinity,0.0,0.0,0.0,Infinity,Infinity,0.0,Infinity,0.0,Infinity,0.0,0.0,0.0,Infinity,NaN,NaN,Infinity
Infinity,0.0,Infinity,0.0,Infinity,0.0,0.0,0.0,Infinity,Infinity,0.0,Infinity,0.0,Infinity,0.0,0.0,0.0,Infinity,NaN,NaN,Infinity
Infinity,0.0,Infinity,0.0,Infinity,0.0,0.0,0.0,Infinity,Infinity,0.0,Infinity,0.0,Infinity,0.0,0.0,0.0,Infinity,NaN,NaN,Infinity
Infinity,0.0,Infinity,0.0,Infinity,0.0,0.0,0.0,Infinity,Infinity,0.0,Infinity,0.0,Infinity,0.0,0.0,0.0,Infinity,NaN,NaN,Infinity
Infinity,0.0,Infinity,0.0,Infinity,0.0,0.0,0.0,Infinity,Infinity,0.0,Infinity,0.0,Infinity,0.0,0.0,0.0,Infinity,NaN,NaN,Infinity
Infinity,0.0,Infinity,0.0,Infinity,0.0,0.0,0.0,Infinity,Infinity,0.0,Infinity,0.0,Infinity,0.0,0.0,0.0,Infinity,NaN,NaN,Infinity
Infinity,0.0,Infinity,0.0,Infinity,0.0,0.0,0.0,Infinity,Infinity,0.0,Infinity,0.0,Infinity,0.0,0.0,0.0,Infinity,NaN,NaN,Infinity
Infinity,0.0,Infinity,0.0,Infinity,0.0,0.0,0.0,Infinity,Infinity,0.0,Infinity,0.0,Infinity,0.0,0.0,0.0,Infinity,NaN,NaN,Infinity
Infinity,0.0,Infinity,0.0,Infinity,0.0,0.0,0.0,Infinity,Infinity,0.0,Infinity,0.0,Infinity,0.0,0.0,0.0,Infinity,NaN,NaN,Infinity
Infinity,0.0,Infinity,0.0,Infinity,0.0,0.0,0.0,Infinity,Infinity,0.0,Infinity,0.0,Infinity,0.0,0.0,0.0,Infinity,NaN,NaN,Infinity
Infinity,0.0,Infinity,0.0,Infinity,0.0,0.0,0.0,Infinity,Infinity,0.0,Infinity,0.0,Infinity,0.0,0.0,0.0,Infinity,NaN,NaN,Infinity
Infinity,0.0,Infinity,0.0,Infinity,0.0,0.0,0.0,Infinity,Infinity,0.0,Infinity,0.0,Infinity,0.0,0.0,0.0,Infinity,NaN,NaN,Infinity
Infinity,0.0,Infinity,0.0,Infinity,0.0,0.0,0.0,Infinity,Infinity,0.0,Infinity,0.0,Infinity,0.0,0.0,0.0,Infinity,NaN,NaN,Infinity
Infinity,0.0,Infinity,0.0,Infinity,0.0,0.0,0.0,Infinity,Infinity,0.0,Infinity,0.0,Infinity,0.0,0.0,0.0,Infinity,NaN,NaN,Infinity
Infinity,0.0,Infinity,0.0,Infinity,0.0,0.0,0.0,Infinity,Infinity,0.0,Infinity,0.0,Infinity,0.0,0.0,0.0,Infinity,NaN,NaN,Infinity
Infinity,0.0,Infinity,0.0,Infinity,0.0,0.0,0.0,Infinity,Infinity,0.0,Infinity,0.0,Infinity,0.0,0.0,0.0,Infinity,NaN,NaN,Infinity
Infinity,0.0,Infinity,0.0,Infinity,0.0,0.0,0.0,Infinity,Infinity,0.0,Infinity,0.0,Infinity,0.0,0.0,0.0,Infinity,NaN,NaN,Infinity
Infinity,0.0,Infinity,0.0,Infinity,0.0,0.0,0.0,Infinity,Infinity,0.0,Infinity,0.0,Infinity,0.0,0.0,0.0,Infinity,NaN,NaN,Infinity
Infinity,0.0,Infinity,0.0,Infinity,0.0,0.0,0.0,Infinity,Infinity,0.0,Infinity,0.0,Infinity,0.0,0.0,0.0,Infinity,NaN,NaN,Infinity
Infinity,0.0,Infinity,0.0,Infinity,0.0,0.0,0.0,Infinity,Infinity,0.0,Infinity,0.0,Infinity,0.0,0.0,0.0,Infinity,NaN,NaN,Infinity
Infinity,0.0,Infinity,0.0,Infinity,0.0,0.0,0.0,Infinity,Infinity,0.0,Infinity,0.0,Infinity,0.0,0.0,0.0,Infinity,NaN,NaN,Infinity
Infinity,0.0,Infinity,0.0,Infinity,0.0,0.0,0.0,Infinity,Infinity,0.0,Infinity,0.0,Infinity,0.0,0.0,0.0,Infinity,NaN,NaN,Infinity
Infinity,0.0,Infinity,0.0,Infinity,0.0,0.0,0.0,Infinity,Infinity,0.0,Infinity,0.0,Infinity,0.0,0.0,0.0,Infinity,NaN,NaN,Infinity
Infinity,0.0,Infinity,0.0,Infinity,0.0,0.0,0.0,Infinity,Infinity,0.0,Infinity,0.0,Infinity,0.0,0.0,0.0,Infinity,NaN,NaN,Infinity
Infinity,0.0,Infinity,0.0,Infinity,0.0,0.0,0.0,Infinity,Infinity,0.0,Infinity,0.0,Infinity,0.0,0.0,0.0,Infinity,NaN,NaN,Infinity
Infinity,0.0,Infinity,0.0,Infinity,0.0,0.0,0.0,Infinity,Infinity,0.0,Infinity,0.0,Infinity,0.0,0.0,0.0,Infinity,NaN,NaN,Infinity
Infinity,0.0,Infinity,0.0,Infinity,0.0,0.0,0.0,Infinity,Infinity,0.0,Infinity,0.0,Infinity,0.0,0.0,0.0,Infinity,NaN,NaN,Infinity
Infinity,0.0,Infinity,0.0,Infinity,0.0,0.0,0.0,Infinity,Infinity,0.0,Infinity,0.0,Infinity,0.0,0.0,0.0,Infinity,NaN,NaN,Infinity
Infinity,0.0,Infinity,0.0,Infinity,0.0,0.0,0.0,Infinity,Infinity,0.0,Infinity,0.0,Infinity,0.0,0.0,0.0,Infinity,NaN,NaN,Infinity
Infinity,0.0,Infinity,0.0,Infinity,0.0,0.0,0.0,Infinity,Infinity,0.0,Infinity,0.0,Infinity,0.0,0.0,0.0,Infinity,NaN,NaN,Infinity
Infinity,0.0,Infinity,0.0,Infinity,0.0,0.0,0.0,Infinity,Infinity,0.0,Infinity,0.0,Infinity,0.0,0.0,0.0,Infinity,NaN,NaN,Infinity
Infinity,0.0,Infinity,0.0,Infinity,0.0,0.0,0.0,Infinity,Infinity,0.0,Infinity,0.0,Infinity,0.0,0.0,0.0,Infinity,NaN,NaN,Infinity
Infinity,0.0,Infinity,0.0,Infinity,0.0,0.0,0.0,Infinity,Infinity,0.0,Infinity,0.0,Infinity,0.0,0.0,0.0,Infinity,NaN,NaN,Infinity
Infinity,0.0,Infinity,0.0,Infinity,0.0,0.0,0.0,Infinity,Infinity,0.0,Infinity,0.0,Infinity,0.0,0.0,0.0,Infinity,NaN,NaN,Infinity
Infinity,0.0,Infinity,0.0,Infinity,0.0,0.0,0.0,Infinity,Infinity,0.0,Infinity,0.0,Infinity,0.0,0.0,0.0,Infinity,NaN,NaN,Infinity
Infinity,0.0,Infinity,0.0,Infinity,0.0,0.0,0.0,Infinity,Infinity,0.0,Infinity,0.0,Infinity,0.0,0.0,0.0,Infinity,NaN,NaN,Infinity
Infinity,0.0,Infinity,0.0,Infinity,0.0,0.0,0.0,Infinity,Infinity,0.0,Infinity,0.0,Infinity,0.0,0.0,0.0,Infinity,NaN,NaN,Infinity
Infinity,0.0,Infinity,0.0,Infinity,0.0,0.0,0.0,Infinity,Infinity,0.0,Infinity,0.0,Infinity,0.0,0.0,0.0,Infinity,NaN,NaN,Infinity
Infinity,0.0,Infinity,0.0,Infinity,0.0,0.0,0.0,Infinity,Infinity,0.0,Infinity,0.0,Infinity,0.0,0.0,0.0,Infinity,NaN,NaN,Infinity
Infinity,0.0,Infinity,0.0,Infinity,0.0,0.0,0.0,Infinity,Infinity,0.0,Infinity,0.0,Infinity,0.0,0.0,0.0,Infinity,NaN,NaN,Infinity
Infinity,0.0,Infinity,0.0,Infinity,0.0,0.0,0.0,Infinity,Infinity,0.0,Infinity,0.0,Infinity,0.0,0.0,0.0,Infinity,NaN,NaN,Infinity
Infinity,0.0,Infinity,0.0,Infinity,0.0,0.0,0.0,Infinity,Infinity,0.0,Infinity,0.0,Infinity,0.0,0.0,0.0,Infinity,NaN,NaN,Infinity
