r0_1,r2_1,r6_1,x_1,y_1,totalR_1,r0_2,r2_2,r6_2,x_2,y_2,totalR_2,centre_x,centre_y,totalM
Infinity,0.5923545,Infinity,1,21,Infinity,Infinity,Infinity,Infinity,0,0,Infinity,NaN,NaN,Infinity
Infinity,0.59714264,Infinity,1,21,Infinity,Infinity,Infinity,Infinity,0,0,Infinity,NaN,NaN,Infinity
Infinity,0.62897104,Infinity,1,21,Infinity,Infinity,Infinity,Infinity,0,0,Infinity,NaN,NaN,Infinity
Infinity,0.6540414,Infinity,1,21,Infinity,Infinity,Infinity,Infinity,0,0,Infinity,NaN,NaN,Infinity
Infinity,0.6811493,Infinity,1,21,Infinity,Infinity,Infinity,Infinity,0,0,Infinity,NaN,NaN,Infinity
Infinity,0.70654315,Infinity,1,21,Infinity,Infinity,Infinity,Infinity,0,0,Infinity,NaN,NaN,Infinity
Infinity,0.72706723,0.541819,-0.97,22.97,Infinity,Infinity,Infinity,Infinity,0,0,Infinity,NaN,NaN,Infinity
Infinity,0.74334157,0.665349,-0.54,22.54,Infinity,Infinity,Infinity,Infinity,0,0,Infinity,NaN,NaN,Infinity
Infinity,0.7920316,0.7281537,-0.47,22.47,Infinity,Infinity,Infinity,Infinity,0,0,Infinity,NaN,NaN,Infinity
Infinity,0.8119283,0.79654205,-0.32,22.32,Infinity,Infinity,Infinity,Infinity,0,0,Infinity,NaN,NaN,Infinity
Infinity,0.8337766,0.8556562,-0.21,22.21,Infinity,Infinity,Infinity,Infinity,0,0,Infinity,NaN,NaN,Infinity
Infinity,0.85232633,0.9098908,-0.12,22.12,Infinity,Infinity,Infinity,Infinity,0,0,Infinity,NaN,NaN,Infinity
Infinity,0.8597435,0.9486757,-0.04,22.04,Infinity,Infinity,Infinity,Infinity,0,0,Infinity,NaN,NaN,Infinity
Infinity,0.8597435,0.9902762,0.05,21.95,Infinity,Infinity,Infinity,Infinity,0,0,Infinity,NaN,NaN,Infinity
Infinity,0.88252765,1.0231471,0.06,21.94,Infinity,Infinity,Infinity,Infinity,0,0,Infinity,NaN,NaN,Infinity
Infinity,0.8923805,1.0542469,0.1,21.9,Infinity,Infinity,Infinity,Infinity,0,0,Infinity,NaN,NaN,Infinity
Infinity,0.9067139,1.0858748,0.13,21.87,Infinity,Infinity,Infinity,Infinity,0,0,Infinity,NaN,NaN,Infinity
Infinity,0.93241346,1.1131775,0.13,21.87,Infinity,Infinity,Infinity,Infinity,0,0,Infinity,NaN,NaN,Infinity
Infinity,0.94168663,1.1341355,0.15,21.85,Infinity,Infinity,Infinity,Infinity,0,0,Infinity,NaN,NaN,Infinity
Infinity,0.97262,1.1485322,0.11,21.89,Infinity,Infinity,Infinity,Infinity,0,0,Infinity,NaN,NaN,Infinity
Infinity,0.9856144,1.1602836,0.1,21.9,Infinity,Infinity,0.4185483,Infinity,1,21,Infinity,NaN,NaN,Infinity
Infinity,0.9920636,1.191103,0.14,21.86,Infinity,Infinity,0.4326646,Infinity,1,21,Infinity,NaN,NaN,Infinity
Infinity,1.0068978,1.2130165,0.15,21.85,Infinity,Infinity,0.47091427,Infinity,1,21,Infinity,NaN,NaN,Infinity
Infinity,1.027956,1.2345071,0.14,21.86,Infinity,Infinity,0.48549598,Infinity,1,21,Infinity,NaN,NaN,Infinity
Infinity,1.0543334,1.2367464,0.1,21.9,Infinity,Infinity,0.4797575,Infinity,1,21,Infinity,NaN,NaN,Infinity
Infinity,1.0637796,1.2458794,0.09,21.91,Infinity,Infinity,0.5153712,Infinity,1,21,Infinity,NaN,NaN,Infinity
Infinity,1.0745002,1.3018332,0.16,21.84,Infinity,Infinity,0.5815247,Infinity,1,21,Infinity,NaN,NaN,Infinity
Infinity,1.103422,1.277673,0.07,21.93,Infinity,Infinity,0.52301854,Infinity,1,21,Infinity,NaN,NaN,Infinity
Infinity,1.1417133,1.2828784,0.01,21.99,Infinity,Infinity,0.5474271,Infinity,1,21,Infinity,NaN,NaN,Infinity
Infinity,1.1637257,1.2990524,0,22,Infinity,Infinity,0.55463123,Infinity,1,21,Infinity,NaN,NaN,Infinity
Infinity,1.1974937,1.3190666,-0.03,22.03,Infinity,Infinity,0.5660785,Infinity,1,21,Infinity,NaN,NaN,Infinity
Infinity,1.2491513,1.3280555,-0.11,22.11,Infinity,Infinity,0.5660785,Infinity,1,21,Infinity,NaN,NaN,Infinity
Infinity,1.2854649,1.3341947,-0.16,22.16,Infinity,Infinity,0.56375283,0.36951128,-1.13,23.13,Infinity,NaN,NaN,Infinity
Infinity,1.3033245,1.3468435,-0.17,22.17,Infinity,Infinity,0.5793686,0.40440473,-1.03,23.03,Infinity,NaN,NaN,Infinity
Infinity,1.3244447,1.356672,-0.19,22.19,Infinity,Infinity,0.5793686,0.4296632,-0.93,22.93,Infinity,NaN,NaN,Infinity
Infinity,1.3494241,1.3633962,-0.22,22.22,Infinity,0.5841915,0.5815247,0.43570814,0.27,19.92,1.6014243,NaN,NaN,Infinity
Infinity,1.3663903,1.3668118,-0.25,22.25,Infinity,0.65250015,0.5793686,0.4445282,0.06,20.5,1.676397,NaN,NaN,Infinity
Infinity,1.394961,1.3702637,-0.29,22.29,Infinity,0.7608712,0.57267416,0.4445282,-0.22,21.24,1.7780735,NaN,NaN,Infinity
Infinity,1.4116435,1.3702637,-0.32,22.32,Infinity,0.84868,0.5793686,0.45030418,-0.36,21.61,1.8783528,NaN,NaN,Infinity
Infinity,1.4262037,1.3808463,-0.32,22.32,Infinity,0.9061748,0.57267416,0.4588634,-0.38,21.75,1.9377123,NaN,NaN,Infinity
Infinity,1.4508699,1.3844517,-0.35,22.35,Infinity,0.9781496,0.5815247,0.4588634,-0.49,21.96,2.0185378,NaN,NaN,Infinity
Infinity,1.4705924,1.3844517,-0.39,22.39,Infinity,1.0396144,0.5837128,0.4615474,-0.53,22.09,2.0848746,NaN,NaN,Infinity
Infinity,1.4987305,1.3955125,-0.41,22.41,Infinity,1.1015105,0.60073525,0.46442053,-0.61,22.22,2.1666663,NaN,NaN,Infinity
Infinity,1.5213852,1.4482113,-0.36,22.36,Infinity,1.1553102,0.62101436,0.47529346,-0.65,22.29,2.251618,NaN,NaN,Infinity
Infinity,1.5582398,1.4148129,-0.47,22.47,Infinity,1.2045479,0.64266634,0.5136584,-0.58,22.2,2.3608727,NaN,NaN,Infinity
Infinity,1.5758708,1.4395478,-0.46,22.46,Infinity,1.2516923,0.66539925,0.49355453,-0.74,22.41,2.4106462,NaN,NaN,Infinity
Infinity,1.5991333,1.443852,-0.49,22.49,Infinity,1.2936714,0.6780317,0.50609314,-0.75,22.43,2.477796,NaN,NaN,Infinity
Infinity,1.6088501,1.4616323,-0.47,22.47,Infinity,1.3318082,0.6925244,0.50609314,-0.8,22.51,2.5304255,NaN,NaN,Infinity
Infinity,1.6188182,1.4708787,-0.47,22.47,Infinity,1.3750153,0.7045821,0.5086314,-0.84,22.56,2.588229,NaN,NaN,Infinity
Infinity,1.6239,1.4755963,-0.46,22.46,Infinity,1.3692963,0.7116499,0.50609314,-0.86,22.58,2.5870395,NaN,NaN,Infinity
Infinity,1.6188182,1.4852271,-0.44,22.44,Infinity,1.3867533,0.71850526,0.4985716,-0.91,22.65,2.60383,NaN,NaN,Infinity
Infinity,1.6239,1.4901437,-0.44,22.44,Infinity,1.398913,0.7251099,0.4909516,-0.96,22.7,2.6149745,NaN,NaN,Infinity
Infinity,1.6290492,1.4951298,-0.44,22.44,Infinity,1.4051594,0.7303565,0.49604034,-0.95,22.7,2.6315563,NaN,NaN,Infinity
Infinity,1.613802,1.543456,-0.35,22.35,Infinity,1.4180037,0.72823995,0.5011498,-0.94,22.68,2.6473932,NaN,NaN,Infinity
0.3911694,1.6188182,1.5105247,2.69,13.85,3.5205123,1.4246091,0.7368545,0.50609314,-0.94,22.68,2.6675568,NaN,NaN,6.1880693
0.45176324,1.6188182,1.5158081,2.59,14.13,3.5863895,1.4313426,0.74019015,0.5136584,-0.92,22.66,2.6851912,1.358457,12.142632,6.2715807
0.48830903,1.6239,1.5158081,2.53,14.31,3.6280172,1.4382085,0.7470438,0.5279895,-0.89,22.61,2.7132416,1.358457,12.142632,6.341259
0.52805287,1.6290492,1.5211706,2.45,14.51,3.6782727,1.4382085,0.7517544,0.54882956,-0.82,22.53,2.7387924,1.320607,11.999983,6.417065
0.56034994,1.6239,1.5105247,2.38,14.7,3.6947746,1.4452112,0.75475866,0.56003946,-0.79,22.5,2.7600093,1.320607,11.999983,6.454784
0.63539535,1.6395558,1.5053186,2.23,15.11,3.7802699,1.4452112,0.7666222,0.5777923,-0.76,22.44,2.7896256,1.2995806,11.874913,6.5698957
0.6984902,1.6449165,1.5053186,2.09,15.48,3.8487253,1.4746925,0.7725048,0.60103786,-0.7,22.38,2.8482351,1.2636672,11.782486,6.6969604
0.75472224,1.6449165,1.5053186,1.98,15.8,3.9049573,1.4452112,0.78412,0.6134635,-0.67,22.31,2.842795,1.2636672,11.782486,6.747752
0.79389346,1.6558615,1.5158081,1.91,15.99,3.965563,1.4596472,0.7949629,0.6351811,-0.63,22.26,2.8897913,1.2185736,11.635898,6.8553543
0.8256944,1.6558615,1.5105247,1.83,16.19,3.9920807,1.4596472,0.80879116,0.64909565,-0.62,22.22,2.9175339,1.2185736,11.635898,6.9096146
0.8470974,1.6503512,1.5266144,1.81,16.27,4.024063,1.4670908,0.81855613,0.65488607,-0.62,22.23,2.940533,1.196705,11.553412,6.964596
0.8959086,1.6558615,1.5321417,1.73,16.51,4.083912,1.4746925,0.8227644,0.660866,-0.62,22.22,2.9583228,1.200337,11.52459,7.0422344
0.8679768,1.6449165,1.5377548,1.79,16.36,4.0506477,1.4824582,0.852862,0.66464484,-0.67,22.26,2.9999652,1.200337,11.52459,7.050613
0.88285756,1.6395558,1.5492479,1.77,16.42,4.071661,1.4903942,0.8470651,0.66464484,-0.66,22.27,3.0021043,1.2045029,11.502473,7.0737653
0.8959086,1.6449165,1.5611137,1.76,16.46,4.1019387,1.5068039,0.85781413,0.6699697,-0.67,22.27,3.0345879,1.2045029,11.502473,7.1365266
0.90404475,1.6558615,1.5611137,1.74,16.49,4.12102,1.5068039,0.8971786,0.67393994,-0.73,22.31,3.0779223,1.210368,11.466669,7.198942
0.9210601,1.6503512,1.5611137,1.71,16.58,4.132525,1.5068039,0.86185837,0.6853095,-0.63,22.22,3.0539718,1.1986418,11.476193,7.1864967
0.9438599,1.6449165,1.5671934,1.67,16.7,4.1559696,1.52398,0.8680681,0.6962671,-0.62,22.21,3.0883152,1.1986418,11.476193,7.2442846
0.96011394,1.6449165,1.5671934,1.64,16.78,4.172224,1.52398,0.87772256,0.67953956,-0.69,22.28,3.081242,1.2041157,11.406189,7.253466
0.98811376,1.6395558,1.5671934,1.59,16.94,4.194863,1.5328754,0.87445754,0.70550174,-0.61,22.19,3.1128347,1.2041157,11.406189,7.3076973
1.00897,1.6449165,1.5671934,1.56,17.02,4.22108,1.5328754,0.8866697,0.7108934,-0.62,22.19,3.1304386,1.1893348,11.355992,7.3515186
1.0169145,1.6395558,1.5733745,1.55,17.07,4.229845,1.5419873,0.88327265,0.71643585,-0.6,22.17,3.141696,1.1816493,11.338508,7.371541
1.0334289,1.6395558,1.5733745,1.52,17.14,4.246359,1.5513253,0.8843993,0.7202181,-0.59,22.17,3.155943,1.1816493,11.338508,7.402302
1.0463997,1.6449165,1.5733745,1.5,17.19,4.2646904,1.5513253,0.8843993,0.71643585,-0.6,22.18,3.1521606,1.1839458,11.29698,7.416851
1.0442014,1.6449165,1.5671934,1.49,17.2,4.2563114,1.5513253,0.8788217,0.7214948,-0.58,22.16,3.1516418,1.1839458,11.29698,7.4079533
1.0530854,1.6503512,1.5796604,1.49,17.21,4.2830973,1.5608994,0.8843993,0.7286651,-0.57,22.15,3.1739638,1.1762581,11.2828045,7.457061
1.0599109,1.6614496,1.5796604,1.49,17.22,4.3010206,1.5608994,0.88781357,0.72537434,-0.59,22.18,3.174087,1.1784681,11.279704,7.4751077
1.0764097,1.6614496,1.5796604,1.46,17.29,4.3175197,1.5707202,0.8912803,0.7326856,-0.58,22.17,3.194686,1.1784681,11.279704,7.5122056
1.0862181,1.6728663,1.586054,1.45,17.32,4.3451385,1.5707202,0.8924478,0.7360975,-0.57,22.15,3.1992657,1.1693302,11.258358,7.544404
1.1041007,1.6786993,1.5925586,1.43,17.37,4.3753586,1.5707202,0.8971786,0.75033885,-0.54,22.11,3.2182376,1.1693302,11.258358,7.5935965
1.1067338,1.6786993,1.586054,1.42,17.4,4.371487,1.5807991,0.90200955,0.76247424,-0.52,22.08,3.245283,1.158897,11.243962,7.61677
1.1093873,1.6846181,1.5925586,1.42,17.39,4.3865643,1.5807991,0.8995813,0.76961815,-0.5,22.05,3.2499986,1.1504658,11.255407,7.636563
1.1202102,1.6846181,1.586054,1.4,17.45,4.390882,1.5807991,0.90446377,0.77617425,-0.48,22.03,3.2614372,1.1504658,11.255407,7.652319
1.14,1.690625,1.586054,1.37,17.52,4.416679,1.5911483,0.90819496,0.7795284,-0.49,22.03,3.2788715,1.1450408,11.248693,7.6955504
1.1371037,1.6846181,1.586054,1.37,17.52,4.407776,1.5707202,0.90200955,0.78293496,-0.46,21.99,3.2556646,1.1341895,11.230094,7.6634407
1.1488342,1.690625,1.586054,1.35,17.57,4.4255133,1.5911483,0.90945214,0.78814656,-0.47,22.01,3.2887468,1.1341895,11.230094,7.71426
1.1609645,1.7029123,1.586054,1.33,17.62,4.4499307,1.5807991,0.9069445,0.80361795,-0.42,21.94,3.2913616,1.1268418,11.236893,7.741292
1.1578932,1.6846181,1.586054,1.34,17.62,4.428565,1.5807991,0.9145505,0.8008083,-0.44,21.97,3.2961578,1.1268418,11.236893,7.724723
1.1703385,1.6786993,1.5733745,1.3,17.71,4.422412,1.5911483,0.9132654,0.8074196,-0.42,21.94,3.3118331,1.1280386,11.224973,7.7342453
1.1832263,1.6728663,1.5925586,1.3,17.74,4.4486513,1.5807991,0.9158428,0.80174094,-0.44,21.96,3.2983828,1.1280386,11.224973,7.747034
1.1965835,1.6846181,1.5733745,1.25,17.84,4.4545765,1.5911483,0.9132654,0.8306082,-0.36,21.87,3.3350217,1.129739,11.185744,7.7895985
1.2069273,1.6671171,1.5733745,1.24,17.89,4.447419,1.5911483,0.91844904,0.79895467,-0.46,21.98,3.308552,1.1210512,11.160839,7.755971
1.2248279,1.6503512,1.5733745,1.21,18.01,4.4485536,1.5911483,0.91844904,0.8008083,-0.45,21.97,3.3104057,1.1210512,11.160839,7.7589593
1.228512,1.6449165,1.5733745,1.2,18.02,4.446803,1.5807991,0.9197631,0.79169095,-0.48,22,3.292253,1.1267464,11.10524,7.739056
1.2322322,1.6290492,1.5796604,1.2,18.06,4.440942,1.5911483,0.9197631,0.79169095,-0.48,22.01,3.3026023,1.1267464,11.10524,7.743544
1.2359889,1.613802,1.5925586,1.21,18.07,4.4423494,1.5911483,0.9197631,0.78465843,-0.5,22.03,3.29557,1.1363555,11.084046,7.7379193
1.2322322,1.5850056,1.586054,1.2,18.12,4.4032917,1.5911483,0.9278064,0.77617425,-0.53,22.07,3.295129,1.1509352,11.065348,7.6984205
1.228512,1.5758708,1.586054,1.21,18.12,4.3904366,1.6127104,0.9171423,0.75860655,-0.58,22.16,3.2884593,1.1509352,11.065348,7.678896
1.2248279,1.5582398,1.586054,1.21,18.14,4.3691216,1.5911483,0.92108464,0.7481395,-0.6,22.17,3.2603722,1.1719801,11.026558,7.6294937
1.2248279,1.5332649,1.5925586,1.22,18.17,4.3506517,1.5911483,0.9197631,0.70907974,-0.71,22.31,3.2199912,1.1719801,11.026558,7.570643
1.2248279,1.513675,1.5925586,1.22,18.21,4.3310614,1.5911483,0.9119873,0.68907416,-0.75,22.38,3.1922097,1.2035991,10.974878,7.523271
1.2104399,1.4808849,1.5925586,1.22,18.24,4.283883,1.5911483,0.9145505,0.675957,-0.8,22.44,3.1816556,1.2236108,10.9281225,7.465539
1.2139858,1.463894,1.5991778,1.23,18.26,4.2770576,1.6017808,0.90819496,0.66850233,-0.81,22.46,3.178478,1.2236108,10.9281225,7.455536
1.2034475,1.4476885,1.5991778,1.24,18.26,4.2503138,1.6017808,0.90446377,0.66850233,-0.8,22.45,3.174747,1.2487738,10.906223,7.4250607
1.2034475,1.4843832,1.6059152,1.25,18.16,4.293746,1.6017808,0.9057008,0.65488607,-0.85,22.51,3.1623676,1.2487738,10.906223,7.456114
1.1865205,1.417393,1.6059152,1.26,18.25,4.2098284,1.6017808,0.90079224,0.6530847,-0.84,22.51,3.1556578,1.2527367,10.918095,7.365486
1.1832263,1.4031987,1.6127744,1.27,18.26,4.1991997,1.6017808,0.8995813,0.6392845,-0.88,22.56,3.1406465,1.2832669,10.893766,7.339846
1.1703385,1.4203047,1.6127744,1.3,18.16,4.203418,1.6017808,0.8983768,0.633566,-0.9,22.58,3.1337237,1.2832669,10.893766,7.3371415
1.1671867,1.4145061,1.6197596,1.31,18.15,4.2014523,1.6017808,0.8936213,0.6295916,-0.9,22.59,3.1249938,1.2923092,10.906152,7.326446
1.1640621,1.3842841,1.6197596,1.3,18.21,4.168106,1.6017808,0.8889633,0.6295916,-0.9,22.59,3.1203356,1.2923092,10.906152,7.2884417
1.1609645,1.394961,1.6197596,1.31,18.17,4.175685,1.6017808,0.91844904,0.633566,-0.93,22.61,3.1537957,1.3075329,10.899004,7.3294806
1.1640621,1.4059902,1.6268746,1.32,18.14,4.196927,1.6017808,0.8866697,0.6430601,-0.85,22.53,3.1315107,1.2987156,10.921485,7.328438
1.1703385,1.4116435,1.6268746,1.31,18.14,4.2088566,1.6017808,0.8866697,0.65085775,-0.83,22.5,3.1393082,1.2987156,10.921485,7.3481646
1.1767255,1.429192,1.6197596,1.3,18.15,4.225677,1.6127104,0.8866697,0.6567053,-0.81,22.48,3.1560855,1.2908784,10.927198,7.3817625
1.1832263,1.438316,1.6127744,1.29,18.16,4.234317,1.6017808,0.8843993,0.675957,-0.75,22.4,3.162137,1.2908784,10.927198,7.396454
1.1931986,1.4508699,1.6127744,1.28,18.17,4.2568426,1.6017808,0.8936213,0.68319106,-0.74,22.39,3.1785932,1.2642016,10.939068,7.435436
1.1999996,1.4672272,1.6059152,1.26,18.18,4.273142,1.6017808,0.8936213,0.70550174,-0.68,22.3,3.200904,1.2454417,10.967786,7.4740458
1.2069273,1.4774206,1.6059152,1.25,18.19,4.290263,1.6017808,0.8983768,0.73404354,-0.6,22.2,3.2342012,1.2454417,10.967786,7.5244646
1.2139858,1.4950894,1.5991778,1.24,18.18,4.3082533,1.5911483,0.8971786,0.75860655,-0.53,22.1,3.2469335,1.2072991,11.0197935,7.5551867
1.2248279,1.5213852,1.5991778,1.22,18.19,4.345391,1.5911483,0.90200955,0.7778448,-0.48,22.04,3.2710028,1.2072991,11.0197935,7.6163936
1.2436146,1.5332649,1.5925586,1.2,18.24,4.369438,1.5911483,0.90446377,0.78814656,-0.46,22,3.2837586,1.1810172,11.032662,7.653197
1.2322322,1.5669518,1.586054,1.2,18.15,4.3852377,1.5911483,0.90945214,0.80934477,-0.41,21.94,3.309945,1.1591005,11.046061,7.695183
1.2322322,1.5582398,1.586054,1.2,18.17,4.376526,1.5911483,0.9145505,0.82536376,-0.38,21.88,3.3310623,1.1591005,11.046061,7.707588
1.2359889,1.5713848,1.5796604,1.19,18.17,4.387034,1.5807991,0.91844904,0.8425804,-0.34,21.83,3.3418283,1.1351724,11.114372,7.7288623
1.2359889,1.5850056,1.5733745,1.18,18.18,4.394369,1.5911483,0.9197631,0.8470901,-0.33,21.81,3.3580017,1.1351724,11.114372,7.752371
1.2359889,1.5991333,1.5671934,1.17,18.17,4.4023156,1.5807991,0.92108464,0.85756224,-0.3,21.77,3.359446,1.1232074,11.117122,7.7617617
1.2436146,1.6088501,1.5611137,1.15,18.2,4.4135785,1.5911483,0.91844904,0.87227744,-0.27,21.73,3.3818748,1.1069847,11.145543,7.795453
1.2474849,1.6188182,1.5671934,1.16,18.17,4.4334965,1.5707202,0.9250946,0.8799837,-0.25,21.69,3.3757985,1.1069847,11.145543,7.8092947
1.2436146,1.6290492,1.543456,1.13,18.21,4.4161196,1.6017808,0.929174,0.8865957,-0.26,21.72,3.4175506,1.0968322,11.153076,7.83367
1.2397828,1.6395558,1.5377548,1.12,18.2,4.4170933,1.5707202,0.9319333,0.8975563,-0.21,21.63,3.40021,1.0738744,11.18196,7.817303
1.2436146,1.6449165,1.5377548,1.12,18.21,4.4262857,1.5608994,0.9319333,0.90037334,-0.2,21.61,3.3932061,1.0738744,11.18196,7.819492
1.2359889,1.6558615,1.5321417,1.12,18.18,4.423992,1.5608994,0.93472517,0.9134544,-0.17,21.57,3.409079,1.0588679,11.2079115,7.833071
1.2322322,1.6614496,1.5266144,1.12,18.16,4.420296,1.5513253,0.929174,0.9090185,-0.17,21.57,3.3895178,1.0588679,11.2079115,7.809814
1.2248279,1.6671171,1.5266144,1.13,18.13,4.418559,1.5513253,0.93472517,0.9104886,-0.17,21.56,3.3965392,1.0506465,11.228556,7.8150983
1.2248279,1.6671171,1.5211706,1.12,18.15,4.4131155,1.5419873,0.93472517,0.9090185,-0.18,21.56,3.385731,1.0506465,11.228556,7.7988462
1.2248279,1.6728663,1.5211706,1.11,18.15,4.4188647,1.5419873,0.9305497,0.91196716,-0.16,21.54,3.3845043,1.0463362,11.242396,7.803369
1.2211792,1.6786993,1.5158081,1.11,18.13,4.4156866,1.5328754,0.9319333,0.90755695,-0.17,21.54,3.3723657,1.0431296,11.245062,7.7880526
1.2104399,1.6786993,1.5158081,1.13,18.09,4.4049473,1.5328754,0.929174,0.92102337,-0.13,21.49,3.3830729,1.0431296,11.245062,7.78802
1.2069273,1.6846181,1.5105247,1.13,18.07,4.40207,1.5328754,0.93332505,0.9194916,-0.14,21.5,3.385692,1.0368212,11.279414,7.7877617
1.2034475,1.690625,1.5053186,1.12,18.08,4.399391,1.5328754,0.93332505,0.9241146,-0.13,21.48,3.390315,1.0368212,11.279414,7.789706
1.1965835,1.696722,1.5001876,1.13,18.04,4.393493,1.52398,0.929174,0.9194916,-0.13,21.48,3.3726456,1.0288413,11.295969,7.766139
1.1898445,1.690625,1.5001876,1.14,18.02,4.380657,1.5152923,0.929174,0.9194916,-0.13,21.47,3.363958,1.0235445,11.3073225,7.744615
1.1832263,1.7029123,1.5001876,1.16,17.97,4.3863263,1.52398,0.9264465,0.9164552,-0.13,21.49,3.3668818,1.0235445,11.3073225,7.753208
1.173518,1.696722,1.5053186,1.17,17.93,4.375559,1.5152923,0.929174,0.9090185,-0.15,21.5,3.3534849,1.0277839,11.318582,7.729044
1.1671867,1.7029123,1.5001876,1.18,17.91,4.370287,1.5152923,0.9250946,0.928822,-0.09,21.43,3.3692088,1.0277839,11.318582,7.7394958
1.1609645,1.7220657,1.5001876,1.19,17.86,4.383218,1.52398,0.92108464,0.9134544,-0.13,21.49,3.358519,1.022181,11.359225,7.741737
1.1931986,1.7353477,1.5001876,1.14,17.98,4.428734,1.5152923,0.9237503,0.9272433,-0.09,21.44,3.3662858,1.0186234,11.372512,7.7950196
1.1609645,1.7029123,1.5001876,1.18,17.89,4.364064,1.52398,0.9197631,0.91796887,-0.12,21.49,3.361712,1.0186234,11.372512,7.725776
1.1548479,1.7091978,1.4901437,1.19,17.87,4.3541894,1.5152923,0.9197631,0.91796887,-0.11,21.46,3.353024,1.0272712,11.354434,7.7072134
1.1548479,1.7091978,1.5105247,1.22,17.8,4.3745704,1.5152923,0.92108464,0.9164552,-0.12,21.47,3.3528323,1.0272712,11.354434,7.7274027
1.1518284,1.7155814,1.5001876,1.2,17.83,4.3675976,1.5068039,0.9197631,0.9134544,-0.12,21.46,3.3400216,1.031,11.36707,7.707619
1.1488342,1.7155814,1.5001876,1.21,17.81,4.364603,1.5068039,0.92108464,0.9164552,-0.12,21.46,3.3443437,1.0235755,11.375218,7.7089467
1.145865,1.7091978,1.5001876,1.21,17.8,4.3552504,1.5152923,0.9250946,0.9225643,-0.11,21.46,3.362951,1.0235755,11.375218,7.7182016
1.14,1.7220657,1.5001876,1.22,17.76,4.362253,1.5068039,0.9197631,0.9225643,-0.1,21.44,3.3491313,1.0236511,11.3871,7.711385
1.145865,1.7490684,1.4951298,1.21,17.76,4.3900633,1.5152923,0.92108464,0.91796887,-0.11,21.46,3.3543458,1.0236511,11.3871,7.744409
1.145865,1.7286534,1.4951298,1.2,17.8,4.369648,1.5152923,0.9237503,0.92567426,-0.1,21.44,3.3647168,1.0152453,11.392056,7.7343645
1.145865,1.7286534,1.4951298,1.21,17.79,4.369648,1.5152923,0.92108464,0.9241146,-0.1,21.45,3.3604918,1.0181702,11.391218,7.7301397
1.1429204,1.7286534,1.4951298,1.22,17.78,4.366704,1.5152923,0.9237503,0.92567426,-0.1,21.44,3.3647168,1.0181702,11.391218,7.7314205
1.1767255,1.7421516,1.5001876,1.16,17.91,4.4190645,1.5152923,0.9197631,0.92567426,-0.09,21.43,3.3607295,1.0179522,11.396306,7.7797937
1.14,1.7286534,1.4951298,1.22,17.76,4.363783,1.5068039,0.9237503,0.9272433,-0.09,21.42,3.3577974,1.0179522,11.396306,7.7215805
1.14,1.7353477,1.4901437,1.2,17.79,4.3654914,1.5152923,0.9197631,0.9194916,-0.11,21.46,3.3545468,1.0155358,11.408273,7.7200384
1.145865,1.7353477,1.5001876,1.21,17.78,4.3814,1.5152923,0.9197631,0.9241146,-0.1,21.44,3.35917,1.0152726,11.400301,7.74057
1.1429204,1.7286534,1.4951298,1.22,17.77,4.366704,1.5152923,0.9197631,0.9225643,-0.1,21.45,3.3576195,1.0152726,11.400301,7.7243233
1.145865,1.7286534,1.4951298,1.21,17.8,4.369648,1.5068039,0.9237503,0.9225643,-0.1,21.44,3.3531184,1.0169792,11.399356,7.7227664
1.1429204,1.7286534,1.4951298,1.22,17.77,4.366704,1.5068039,0.9171423,0.91796887,-0.1,21.45,3.3419151,1.0169792,11.399356,7.708619
1.1488342,1.7220657,1.4951298,1.2,17.81,4.3660297,1.5068039,0.9158428,0.9090185,-0.12,21.47,3.331665,1.0187924,11.39088,7.697695
1.145865,1.7353477,1.4951298,1.2,17.8,4.376343,1.498507,0.9158428,0.9104886,-0.11,21.46,3.3248384,1.0205402,11.375365,7.7011814
1.1429204,1.7220657,1.4951298,1.22,17.78,4.360116,1.5068039,0.9119873,0.9090185,-0.11,21.47,3.3278098,1.0205402,11.375365,7.687926
1.14,1.7286534,1.5001876,1.23,17.74,4.368841,1.5068039,0.9132654,0.8961596,-0.15,21.51,3.3162289,1.029111,11.364696,7.68507
1.14,1.7286534,1.5001876,1.23,17.75,4.368841,1.498507,0.9278064,0.8975563,-0.16,21.51,3.3238697,1.029111,11.364696,7.692711
1.1313814,1.7220657,1.4951298,1.23,17.73,4.3485765,1.498507,0.90819496,0.88929087,-0.15,21.52,3.2959929,1.0269868,11.386119,7.6445694
1.1313814,1.7220657,1.5001876,1.24,17.71,4.353635,1.5068039,0.90819496,0.88929087,-0.15,21.53,3.3042896,1.0334008,11.371906,7.6579247
1.1285549,1.7220657,1.5001876,1.25,17.7,4.350808,1.5068039,0.90945214,0.8839296,-0.17,21.55,3.3001857,1.0334008,11.371906,7.650994
1.145865,1.7220657,1.5053186,1.23,17.76,4.373249,1.5068039,0.90819496,0.8826072,-0.17,21.55,3.297606,1.0383952,11.37052,7.670855
1.1285549,1.7286534,1.5105247,1.26,17.67,4.367733,1.5068039,0.90819496,0.8773878,-0.18,21.57,3.2923865,1.0383952,11.37052,7.6601195
1.1285549,1.7220657,1.5158081,1.27,17.65,4.366429,1.5068039,0.90200955,0.8799837,-0.17,21.56,3.2887971,1.042709,11.3697815,7.6552258
1.1202102,1.7155814,1.5158081,1.29,17.62,4.3515997,1.5068039,0.9132654,0.8761001,-0.2,21.59,3.2961693,1.0469873,11.370426,7.647769
1.125751,1.7286534,1.5211706,1.29,17.62,4.375575,1.5068039,0.9057008,0.8761001,-0.18,21.58,3.2886047,1.0469873,11.370426,7.66418
1.1120613,1.7286534,1.5158081,1.3,17.56,4.3565226,1.5068039,0.90819496,0.8697618,-0.21,21.6,3.2847605,1.0502295,11.368613,7.641283
1.1093873,1.7286534,1.5321417,1.33,17.5,4.3701825,1.5152923,0.90819496,0.8660368,-0.22,21.62,3.289524,1.0502295,11.368613,7.6597066
1.1014878,1.7286534,1.5211706,1.33,17.5,4.3513117,1.5152923,0.9119873,0.8697618,-0.21,21.61,3.2970414,1.0603423,11.387792,7.648353
1.1014878,1.7286534,1.5266144,1.34,17.47,4.3567553,1.5328754,0.90945214,0.8623682,-0.24,21.66,3.3046956,1.0631353,11.386561,7.661451
1.1014878,1.7286534,1.5321417,1.35,17.46,4.3622828,1.5152923,0.90945214,0.8660368,-0.22,21.62,3.290781,1.0631353,11.386561,7.653064
1.1014878,1.7353477,1.5377548,1.36,17.43,4.37459,1.5152923,0.9119873,0.85756224,-0.25,21.66,3.2848418,1.0647994,11.393409,7.6594315
1.1093873,1.7220657,1.5321417,1.34,17.5,4.3635945,1.52398,0.9145505,0.8599532,-0.25,21.67,3.2984836,1.0647994,11.393409,7.662078
1.0988947,1.7220657,1.5377548,1.36,17.43,4.358715,1.5152923,0.9145505,0.8697618,-0.22,21.62,3.2996044,1.0666931,11.379488,7.6583195
1.1067338,1.7220657,1.543456,1.36,17.46,4.3722553,1.52398,0.91844904,0.8563757,-0.27,21.68,3.2988048,1.0717034,11.395059,7.67106
1.0988947,1.7286534,1.543456,1.38,17.4,4.371004,1.52398,0.9171423,0.85756224,-0.26,21.68,3.2986846,1.0717034,11.395059,7.6696887
1.1014878,1.7286534,1.543456,1.37,17.42,4.373597,1.52398,0.9171423,0.8599532,-0.26,21.67,3.3010755,1.0706805,11.401251,7.6746726
1.1041007,1.7286534,1.543456,1.36,17.44,4.37621,1.5513253,0.9158428,0.8563757,-0.28,21.72,3.3235438,1.0706805,11.401251,7.6997538
1.1014878,1.7286534,1.543456,1.36,17.43,4.373597,1.5328754,0.9158428,0.8648077,-0.25,21.66,3.3135257,1.0782472,11.377156,7.687123
1.1014878,1.7353477,1.555133,1.38,17.39,4.3919683,1.5328754,0.9171423,0.8611577,-0.26,21.68,3.3111753,1.0720711,11.394658,7.7031436
1.1014878,1.7286534,1.5492479,1.38,17.4,4.379389,1.5328754,0.9171423,0.8648077,-0.25,21.67,3.3148255,1.0720711,11.394658,7.6942143
1.0988947,1.7286534,1.5492479,1.39,17.37,4.376796,1.5328754,0.9197631,0.8648077,-0.25,21.67,3.3174462,1.0727931,11.401042,7.694242
1.1041007,1.7286534,1.5492479,1.37,17.42,4.382002,1.5328754,0.92108464,0.8648077,-0.26,21.67,3.3187675,1.0727931,11.401042,7.7007694
1.1041007,1.7353477,1.5492479,1.38,17.4,4.388696,1.5328754,0.9197631,0.8623682,-0.26,21.68,3.3150067,1.0724167,11.397962,7.703703
1.1067338,1.7421516,1.555133,1.38,17.39,4.4040184,1.5328754,0.92108464,0.8660368,-0.25,21.67,3.3199968,1.070127,11.401433,7.724015
1.1041007,1.7353477,1.5671934,1.4,17.35,4.406642,1.5328754,0.9278064,0.8710164,-0.25,21.66,3.3316984,1.070127,11.401433,7.7383404
1.1093873,1.7421516,1.5611137,1.38,17.39,4.4126525,1.5328754,0.9171423,0.8748192,-0.23,21.64,3.324837,1.0734757,11.411429,7.7374897
1.1067338,1.7421516,1.555133,1.38,17.38,4.4040184,1.5419873,0.92108464,0.8710164,-0.25,21.66,3.3340883,1.0723628,11.399267,7.7381067
1.1093873,1.7421516,1.555133,1.38,17.39,4.406672,1.5328754,0.9171423,0.8920157,-0.18,21.58,3.3420334,1.0723628,11.399267,7.7487054
1.1093873,1.7421516,1.5611137,1.38,17.39,4.4126525,1.5419873,0.9197631,0.8710164,-0.24,21.66,3.332767,1.0701127,11.397243,7.7454195
1.1067338,1.7779313,1.5611137,1.39,17.33,4.445779,1.5419873,0.9171423,0.86727214,-0.25,21.67,3.3264017,1.0701127,11.397243,7.7721806
1.1014878,1.7490684,1.555133,1.39,17.35,4.4056892,1.5419873,0.92108464,0.86727214,-0.25,21.68,3.330344,1.0646727,11.411464,7.7360334
1.1093873,1.7490684,1.5671934,1.4,17.35,4.425649,1.5419873,0.9197631,0.8660368,-0.25,21.68,3.3277874,1.0713313,11.406318,7.7534366
1.1041007,1.7490684,1.5671934,1.4,17.33,4.4203625,1.5419873,0.9250946,0.8648077,-0.27,21.7,3.3318896,1.0713313,11.406318,7.752252
1.1067338,1.7490684,1.5671934,1.4,17.34,4.4229956,1.5419873,0.9264465,0.8599532,-0.28,21.71,3.328387,1.077878,11.402953,7.751383
1.1041007,1.7490684,1.5671934,1.41,17.32,4.4203625,1.5419873,0.91844904,0.8648077,-0.26,21.69,3.325244,1.077878,11.402953,7.7456064
1.1093873,1.7490684,1.5671934,1.4,17.35,4.425649,1.5419873,0.9197631,0.8540201,-0.29,21.73,3.3157706,1.0803058,11.393155,7.74142
1.1041007,1.7490684,1.5671934,1.41,17.32,4.4203625,1.5419873,0.9250946,0.85756224,-0.29,21.72,3.3246443,1.0803058,11.393155,7.7450066
1.1014878,1.756101,1.5733745,1.42,17.29,4.4309635,1.5513253,0.9197631,0.8540201,-0.29,21.73,3.3251085,1.0788419,11.399805,7.756072
1.1014878,1.756101,1.5671934,1.42,17.3,4.4247823,1.5513253,0.92108464,0.8563757,-0.29,21.73,3.3287857,1.0824713,11.399643,7.7535677
1.1041007,1.7490684,1.5733745,1.41,17.31,4.426543,1.5807991,0.9264465,0.8947706,-0.22,21.65,3.4020162,1.0824713,11.399643,7.8285594
1.1014878,1.7490684,1.5671934,1.41,17.31,4.4177494,1.5513253,0.92108464,0.8540201,-0.29,21.74,3.32643,1.0849322,11.391135,7.7441797
1.1041007,1.7490684,1.5733745,1.42,17.3,4.426543,1.5513253,0.9264465,0.85756224,-0.29,21.73,3.335334,1.0849322,11.391135,7.761877
1.1041007,1.7490684,1.5733745,1.42,17.29,4.426543,1.5513253,0.92108464,0.8505298,-0.3,21.75,3.3229399,1.0834659,11.397792,7.749483
1.1014878,1.756101,1.5733745,1.43,17.28,4.4309635,1.5513253,0.92108464,0.8459546,-0.31,21.76,3.3183646,1.0881449,11.383211,7.749328
1.1014878,1.7490684,1.5733745,1.42,17.28,4.4239306,1.5513253,0.92108464,0.84482443,-0.32,21.77,3.3172345,1.0881449,11.383211,7.741165
1.1041007,1.7490684,1.5796604,1.43,17.29,4.4328294,1.5513253,0.9237503,0.8459546,-0.32,21.76,3.3210304,1.0884815,11.388639,7.7538595
1.1041007,1.7705289,1.5671934,1.41,17.29,4.441823,1.5513253,0.9237503,0.84482443,-0.32,21.78,3.3199,1.0884815,11.388639,7.761723
1.0988947,1.7421516,1.5796604,1.43,17.27,4.4207067,1.5513253,0.92108464,0.83273965,-0.35,21.81,3.3051496,1.0804716,11.389635,7.7258563
1.1014878,1.7421516,1.5796604,1.43,17.28,4.4233,1.5513253,0.92108464,0.83273965,-0.35,21.81,3.3051496,1.0983987,11.376826,7.7284493
1.1041007,1.7490684,1.5796604,1.42,17.29,4.4328294,1.5419873,0.92108464,0.83381283,-0.34,21.8,3.2968845,1.0983987,11.376826,7.729714
1.1041007,1.7490684,1.5796604,1.43,17.29,4.4328294,1.5513253,0.9197631,0.82744724,-0.36,21.83,3.2985356,1.0979196,11.365502,7.731365
1.1014878,1.7421516,1.6490439,1.53,17.09,4.4926834,1.5608994,0.91844904,0.82432896,-0.37,21.85,3.3036773,1.0979196,11.365502,7.796361
1.0988947,1.7421516,1.5925586,1.45,17.25,4.433605,1.5608994,0.9171423,0.82744724,-0.36,21.83,3.3054888,1.1295673,11.373552,7.739094
1.1014878,1.7490684,1.586054,1.44,17.25,4.43661,1.5608994,0.91844904,0.82432896,-0.37,21.85,3.3036773,1.1089906,11.365491,7.740288
1.1014878,1.7490684,1.586054,1.44,17.27,4.43661,1.5608994,0.9264465,0.8222734,-0.39,21.86,3.3096194,1.1089906,11.365491,7.7462296
1.1093873,1.7421516,1.5796604,1.41,17.33,4.431199,1.5513253,0.9237503,0.8222734,-0.38,21.85,3.297349,1.1027117,11.367975,7.728548
1.1041007,1.7353477,1.5796604,1.43,17.3,4.419109,1.5513253,0.9237503,0.82432896,-0.38,21.85,3.2994046,1.1027117,11.367975,7.7185135
1.1093873,1.7353477,1.5796604,1.42,17.33,4.4243956,1.5513253,0.9171423,0.82432896,-0.36,21.83,3.2927966,1.10285,11.360128,7.717192
1.1093873,1.7421516,1.5796604,1.42,17.32,4.431199,1.5608994,0.9171423,0.8192241,-0.38,21.87,3.2972658,1.1065863,11.339163,7.728465
1.1093873,1.7353477,1.5796604,1.42,17.33,4.4243956,1.5513253,0.9158428,0.8122637,-0.4,21.88,3.2794318,1.1065863,11.339163,7.7038274
1.1014878,1.7353477,1.5733745,1.42,17.31,4.4102097,1.5513253,0.91844904,0.8172136,-0.39,21.87,3.2869878,1.1050278,11.342103,7.6971974
1.1093873,1.7286534,1.5796604,1.42,17.34,4.4177012,1.5513253,0.9197631,0.8172136,-0.39,21.86,3.288302,1.1050278,11.342103,7.706003
1.1093873,1.7854649,1.586054,1.43,17.25,4.480906,1.5513253,0.91844904,0.81522065,-0.39,21.87,3.2849948,1.1068383,11.340588,7.7659006
1.1014878,1.7353477,1.5796604,1.43,17.29,4.416496,1.5513253,0.9171423,0.81423074,-0.39,21.88,3.2826984,1.0950335,11.356899,7.699194
1.1093873,1.7353477,1.586054,1.42,17.31,4.430789,1.5513253,0.91844904,0.81522065,-0.39,21.87,3.2849948,1.0950335,11.356899,7.715784
1.1041007,1.7353477,1.586054,1.43,17.3,4.4255023,1.5608994,0.91844904,0.8172136,-0.39,21.88,3.296562,1.1097709,11.339333,7.722064
1.1067338,1.7353477,1.5796604,1.42,17.31,4.421742,1.5513253,0.91844904,0.81423074,-0.4,21.88,3.284005,1.1097709,11.339333,7.7057467
1.1067338,1.7353477,1.586054,1.43,17.3,4.4281354,1.5513253,0.9145505,0.81522065,-0.38,21.86,3.2810965,1.1066102,11.343044,7.709232
1.1014878,1.7286534,1.5925586,1.44,17.28,4.4227,1.5608994,0.9171423,0.80551076,-0.42,21.91,3.2835524,1.1148903,11.330819,7.706252
1.0988947,1.7286534,1.586054,1.44,17.28,4.413602,1.5608994,0.9158428,0.8074196,-0.41,21.9,3.2841618,1.1148903,11.330819,7.6977634
1.0963211,1.7220657,1.634124,1.52,17.12,4.452511,1.5513253,0.9264465,0.79895467,-0.45,21.94,3.2767265,1.1180376,11.343304,7.7292376
1.0887158,1.7220657,1.586054,1.46,17.24,4.3968353,1.5513253,0.9171423,0.7952931,-0.44,21.94,3.2637608,1.1180376,11.343304,7.660596
1.091232,1.7220657,1.5925586,1.46,17.24,4.405856,1.5608994,0.9171423,0.79169095,-0.46,21.97,3.2697325,1.1267896,11.339001,7.6755886
1.0963211,1.7220657,1.6059152,1.48,17.21,4.424302,1.5608994,0.9145505,0.7899116,-0.46,21.97,3.2653613,1.1296244,11.333339,7.6896634
1.0988947,1.7353477,1.5925586,1.45,17.26,4.4268007,1.5608994,0.9145505,0.7952931,-0.44,21.96,3.270743,1.1296244,11.333339,7.6975436
1.1014878,1.7155814,1.5991778,1.45,17.27,4.416247,1.5608994,0.9171423,0.78293496,-0.48,22,3.2609766,1.1296244,11.333339,7.677223
1.0887158,1.7155814,1.5925586,1.47,17.23,4.396856,1.5608994,0.9171423,0.7795284,-0.49,22.01,3.25757,1.1365811,11.308578,7.6544256
1.0988947,1.7155814,1.5925586,1.45,17.27,4.407035,1.5513253,0.9158428,0.7778448,-0.49,22,3.2450128,1.1360012,11.325985,7.6520476
1.0963211,1.7091978,1.5925586,1.45,17.28,4.3980775,1.5707202,0.91844904,0.78639555,-0.48,22,3.2755647,1.1340526,11.314381,7.673642
1.0887158,1.7155814,1.5925586,1.47,17.22,4.396856,1.5608994,0.9145505,0.781225,-0.48,22,3.2566748,1.1340526,11.314381,7.6535306
1.0963211,1.7091978,1.5991778,1.46,17.25,4.4046965,1.5608994,0.9197631,0.78465843,-0.48,21.99,3.2653208,1.133855,11.332722,7.6700172
1.0862181,1.7029123,1.5991778,1.47,17.22,4.3883085,1.5707202,0.9158428,0.7795284,-0.49,22.02,3.2660913,1.133855,11.332722,7.6544
1.0887158,1.7091978,1.5991778,1.47,17.22,4.3970914,1.5608994,0.9197631,0.77617425,-0.51,22.03,3.2568367,1.1447986,11.321641,7.653928
1.0862181,1.7091978,1.5991778,1.48,17.21,4.3945937,1.5707202,0.9158428,0.77617425,-0.5,22.03,3.2627373,1.1440424,11.316785,7.657331
1.0862181,1.7091978,1.5991778,1.47,17.22,4.3945937,1.5608994,0.9119873,0.7778448,-0.49,22.01,3.2507315,1.1440424,11.316785,7.645325
1.083739,1.7286534,1.6059152,1.49,17.16,4.418308,1.5608994,0.9171423,0.7745164,-0.51,22.03,3.252558,1.1426895,11.323871,7.670866
1.083739,1.7091978,1.5991778,1.48,17.19,4.3921146,1.5707202,0.90819496,0.7745164,-0.49,22.03,3.2534316,1.1426895,11.323871,7.645546
1.083739,1.7029123,1.6127744,1.51,17.15,4.3994255,1.5707202,0.9197631,0.7778448,-0.5,22.03,3.2683282,1.1440262,11.328209,7.6677537
1.083739,1.7220657,1.5991778,1.49,17.17,4.4049826,1.5707202,0.9132654,0.7795284,-0.49,22.01,3.263514,1.1502837,11.326709,7.6684966
1.0862181,1.7029123,1.6059152,1.49,17.2,4.3950458,1.5707202,0.9237503,0.7795284,-0.5,22.02,3.273999,1.1502837,11.326709,7.6690445
1.083739,1.7091978,1.6059152,1.49,17.19,4.398852,1.5608994,0.9171423,0.77617425,-0.5,22.03,3.254216,1.1462858,11.324812,7.6530676
1.0862181,1.7091978,1.6059152,1.48,17.2,4.401331,1.5707202,0.95069236,0.7745164,-0.57,22.08,3.295929,1.1462858,11.324812,7.69726
1.0764097,1.7155814,1.6059152,1.5,17.14,4.3979063,1.5707202,0.9171423,0.78465843,-0.48,22,3.272521,1.1434218,11.331233,7.6704273
1.083739,1.7029123,1.6059152,1.49,17.19,4.3925667,1.5608994,0.91844904,0.77123857,-0.52,22.05,3.250587,1.1462061,11.339612,7.6431537
1.0764097,1.7029123,1.6059152,1.5,17.15,4.385237,1.5707202,0.9145505,0.76800984,-0.52,22.06,3.2532806,1.1462061,11.339612,7.638518
1.0740018,1.7029123,1.6059152,1.51,17.14,4.382829,1.5707202,0.9197631,0.76800984,-0.53,22.07,3.2584932,1.153449,11.328478,7.641322
1.0740018,1.696722,1.6059152,1.51,17.15,4.376639,1.5608994,0.9145505,0.7745164,-0.5,22.03,3.2499661,1.153449,11.328478,7.626605
1.0716113,1.696722,1.6059152,1.51,17.14,4.3742485,1.5707202,0.9145505,0.7609187,-0.54,22.09,3.2461894,1.1505978,11.337524,7.6204376
1.091232,1.690625,1.6059152,1.47,17.25,4.387772,1.5707202,0.9119873,0.7555624,-0.55,22.1,3.2382698,1.1612402,11.31613,7.626042
1.0740018,1.696722,1.6059152,1.5,17.16,4.376639,1.5608994,0.9132654,0.757079,-0.55,22.09,3.2312436,1.1612402,11.31613,7.6078825
1.0716113,1.696722,1.6059152,1.51,17.15,4.3742485,1.5608994,0.9158428,0.75860655,-0.55,22.09,3.2353487,1.1571574,11.322301,7.609597
1.0716113,1.7029123,1.6059152,1.51,17.14,4.380439,1.5707202,0.9145505,0.7540567,-0.56,22.11,3.2393274,1.1571574,11.322301,7.619766
1.0764097,1.696722,1.6268746,1.53,17.11,4.4000063,1.5707202,0.9132654,0.7555624,-0.55,22.1,3.2395482,1.1600547,11.318368,7.6395545
1.0740018,1.696722,1.6127744,1.51,17.14,4.383498,1.5707202,0.90945214,0.7540567,-0.55,22.1,3.234229,1.1689811,11.310571,7.6177273
1.0740018,1.690625,1.6127744,1.51,17.15,4.3774014,1.5707202,0.90945214,0.7518182,-0.56,22.12,3.2319906,1.1689811,11.310571,7.609392
1.0764097,1.696722,1.6127744,1.51,17.15,4.385906,1.5608994,0.90945214,0.7540567,-0.55,22.1,3.2244081,1.1634742,11.313138,7.6103144
1.0716113,1.696722,1.6059152,1.51,17.14,4.3742485,1.5608994,0.90819496,0.7555624,-0.54,22.09,3.2246566,1.1634742,11.313138,7.598905
1.0716113,1.696722,1.6268746,1.54,17.09,4.395208,1.5608994,0.9119873,0.76404124,-0.52,22.06,3.2369277,1.1589442,11.318079,7.6321354
1.0740018,1.690625,1.6127744,1.51,17.15,4.3774014,1.5608994,0.9119873,0.757079,-0.54,22.08,3.2299657,1.1660461,11.326557,7.607367
1.0740018,1.696722,1.6127744,1.52,17.13,4.383498,1.5608994,0.9132654,0.76800984,-0.52,22.05,3.2421746,1.1660461,11.326557,7.625673
1.078835,1.690625,1.6059152,1.5,17.17,4.3753753,1.5911483,0.90819496,0.75860655,-0.55,22.11,3.2579498,1.1671612,11.305974,7.633325
1.0887158,1.690625,1.6059152,1.48,17.24,4.385256,1.5608994,0.9069445,0.75860655,-0.53,22.07,3.2264504,1.1671612,11.305974,7.6117063
1.0716113,1.6846181,1.6127744,1.52,17.14,4.369004,1.5608994,0.90945214,0.76404124,-0.52,22.05,3.2343926,1.1568321,11.2928,7.6033964
1.0764097,1.6846181,1.6127744,1.51,17.17,4.373802,1.5608994,0.9119873,0.75860655,-0.54,22.08,3.231493,1.1636019,11.32074,7.605295
1.0764097,1.690625,1.6127744,1.51,17.16,4.379809,1.5608994,0.9132654,0.7609187,-0.54,22.08,3.2350833,1.1636019,11.32074,7.614892
1.0716113,1.690625,1.6059152,1.51,17.15,4.368151,1.5608994,0.9119873,0.76404124,-0.52,22.06,3.2369277,1.1589051,11.321199,7.6050787
1.0764097,1.690625,1.6127744,1.51,17.16,4.379809,1.5608994,0.9069445,0.76404124,-0.51,22.05,3.2318852,1.1589051,11.321199,7.6116943
1.0764097,1.6846181,1.6127744,1.51,17.17,4.373802,1.5608994,0.9069445,0.76247424,-0.52,22.06,3.2303183,1.1590103,11.318098,7.6041203
1.0764097,1.690625,1.6059152,1.51,17.17,4.3729496,1.5608994,0.9057008,0.76247424,-0.52,22.06,3.2290745,1.1613933,11.313631,7.602024
1.0740018,1.690625,1.6127744,1.52,17.14,4.3774014,1.5608994,0.9069445,0.76404124,-0.51,22.05,3.2318852,1.1613933,11.313631,7.6092863
1.0740018,1.690625,1.6059152,1.51,17.16,4.370542,1.5608994,0.90945214,0.76404124,-0.52,22.05,3.2343926,1.1593246,11.323221,7.6049347
1.0740018,1.696722,1.6127744,1.51,17.14,4.383498,1.5608994,0.90079224,0.76247424,-0.51,22.05,3.224166,1.1593246,11.323221,7.607664
1.0716113,1.690625,1.6059152,1.51,17.15,4.368151,1.5608994,0.90079224,0.76404124,-0.5,22.04,3.2257328,1.1577758,11.3200445,7.593884
1.078835,1.696722,1.6059152,1.5,17.17,4.381472,1.5513253,0.8995813,0.7656199,-0.49,22.02,3.2165265,1.1543475,11.32498,7.5979986
1.0740018,1.690625,1.6059152,1.51,17.16,4.370542,1.5513253,0.90079224,0.76404124,-0.5,22.04,3.2161586,1.1543475,11.32498,7.5867004
1.0740018,1.690625,1.6059152,1.5,17.16,4.370542,1.5513253,0.90079224,0.76247424,-0.5,22.04,3.2145917,1.1552672,11.318975,7.5851336
1.0764097,1.690625,1.6059152,1.5,17.18,4.3729496,1.5513253,0.8971786,0.76961815,-0.48,22.01,3.218122,1.1552672,11.318975,7.5910716
1.0740018,1.6846181,1.6059152,1.51,17.17,4.364535,1.5707202,0.8995813,0.76404124,-0.51,22.06,3.2343428,1.1520053,11.320384,7.598878
1.0716113,1.690625,1.6059152,1.51,17.16,4.368151,1.5608994,0.90079224,0.76404124,-0.5,22.04,3.2257328,1.1586483,11.314253,7.593884
1.0692378,1.6846181,1.6059152,1.51,17.15,4.3597713,1.5513253,0.8983768,0.7656199,-0.49,22.02,3.215322,1.1586483,11.314253,7.5750933
1.0716113,1.690625,1.6059152,1.51,17.15,4.368151,1.5513253,0.8948009,0.77287126,-0.46,21.99,3.2189975,1.1534957,11.330801,7.5871487
1.0740018,1.690625,1.6059152,1.5,17.17,4.370542,1.5513253,0.90446377,0.76404124,-0.5,22.03,3.2198303,1.1534957,11.330801,7.590372
1.0692378,1.690625,1.6059152,1.52,17.14,4.365778,1.5513253,0.9057008,0.77123857,-0.49,22.01,3.2282646,1.1545407,11.322825,7.594043
1.0692378,1.696722,1.6059152,1.52,17.13,4.371875,1.5608994,0.8971786,0.76404124,-0.49,22.04,3.222119,1.1577424,11.32125,7.593994
1.0668813,1.690625,1.6059152,1.52,17.12,4.3634214,1.5608994,0.90079224,0.77123857,-0.48,22.01,3.2329302,1.1577424,11.32125,7.5963516
1.0645415,1.6846181,1.6059152,1.52,17.12,4.355075,1.5513253,0.8948009,0.7540567,-0.52,22.06,3.200183,1.1599894,11.317374,7.555258
1.0622181,1.690625,1.6059152,1.53,17.1,4.358758,1.5513253,0.8936213,0.7656199,-0.48,22.02,3.2105665,1.1599894,11.317374,7.5693245
1.0553448,1.6846181,1.5991778,1.53,17.1,4.339141,1.5513253,0.8983768,0.757079,-0.51,22.06,3.2067814,1.1559017,11.335353,7.5459223
1.0463997,1.690625,1.6059152,1.55,17.03,4.34294,1.5608994,0.8971786,0.76247424,-0.5,22.04,3.2205522,1.159706,11.33684,7.563492
1.0420179,1.690625,1.6059152,1.56,17.01,4.338558,1.5513253,0.8983768,0.76247424,-0.5,22.04,3.2121766,1.159706,11.33684,7.5507345
1.0530854,1.6846181,1.6127744,1.55,17.05,4.350478,1.5513253,0.8936213,0.75860655,-0.5,22.04,3.2035532,1.1619321,11.358584,7.5540314
1.0420179,1.690625,1.6059152,1.56,17.01,4.338558,1.5608994,0.8948009,0.757079,-0.51,22.06,3.2127795,1.1619321,11.358584,7.5513377
1.0420179,1.696722,1.6127744,1.57,16.99,4.3515143,1.5707202,0.8924478,0.757079,-0.51,22.07,3.2202473,1.1648767,11.353505,7.5717616
1.0355548,1.690625,1.6127744,1.58,16.96,4.338954,1.5513253,0.8924478,0.75033885,-0.52,22.08,3.194112,1.1662545,11.353117,7.533066
1.0355548,1.690625,1.6059152,1.58,16.97,4.3320947,1.5513253,0.8948009,0.75033885,-0.53,22.08,3.196465,1.1662545,11.353117,7.5285597
1.0230072,1.690625,1.6127744,1.6,16.9,4.3264065,1.5513253,0.8948009,0.757079,-0.51,22.05,3.203205,1.1635443,11.367506,7.5296116
1.0250645,1.690625,1.6127744,1.6,16.91,4.3284636,1.5608994,0.8948009,0.75033885,-0.53,22.09,3.2060392,1.1635443,11.367506,7.534503
1.0230072,1.690625,1.6415122,1.64,16.83,4.3551445,1.5513253,0.8924478,0.7540567,-0.51,22.06,3.19783,1.17291,11.373712,7.5529747
1.0109373,1.690625,1.6059152,1.62,16.85,4.3074775,1.5513253,0.8912803,0.7481395,-0.52,22.07,3.1907449,1.1826838,11.382906,7.4982224
1.0050722,1.690625,1.6127744,1.64,16.81,4.3084717,1.5513253,0.8948009,0.7481395,-0.53,22.08,3.1942658,1.1826838,11.382906,7.5027375
0.99741995,1.690625,1.6127744,1.65,16.78,4.3008194,1.5513253,0.8912803,0.7540567,-0.51,22.06,3.1966622,1.172213,11.409921,7.4974813
0.9918025,1.696722,1.6059152,1.66,16.74,4.29444,1.5608994,0.8936213,0.7540567,-0.52,22.07,3.2085774,1.172213,11.409921,7.5030174
0.9790821,1.696722,1.6127744,1.68,16.67,4.2885785,1.5608994,0.8936213,0.7555624,-0.51,22.06,3.210083,1.1722144,11.427832,7.4986615
0.9844689,1.696722,1.6127744,1.68,16.69,4.2939653,1.5608994,0.8948009,0.7540567,-0.52,22.07,3.209757,1.1767626,11.449376,7.503722
0.9703115,1.696722,1.6127744,1.7,16.63,4.279808,1.5608994,0.8924478,0.75860655,-0.5,22.05,3.2119536,1.1767626,11.449376,7.4917617
0.96011394,1.690625,1.6127744,1.71,16.59,4.2635136,1.5513253,0.8924478,0.7540567,-0.51,22.06,3.19783,1.1758641,11.465789,7.461344
0.9584478,1.696722,1.6127744,1.72,16.56,4.2679443,1.5608994,0.8948009,0.7555624,-0.52,22.06,3.2112627,1.1758641,11.465789,7.479207
0.95679086,1.696722,1.6127744,1.73,16.55,4.2662873,1.5608994,0.8889633,0.757079,-0.5,22.05,3.2069416,1.1793697,11.482483,7.473229
0.9486427,1.696722,1.6127744,1.74,16.5,4.258139,1.5608994,0.8889633,0.76247424,-0.48,22.03,3.212337,1.1768327,11.48845,7.470476
0.9454455,1.7029123,1.6127744,1.74,16.49,4.2611322,1.5807991,0.8924478,0.7555624,-0.52,22.09,3.2288094,1.1768327,11.48845,7.4899416
0.939154,1.7029123,1.6127744,1.76,16.45,4.254841,1.5608994,0.8912803,0.76247424,-0.49,22.04,3.214654,1.1767613,11.509362,7.469495
0.92547804,1.7091978,1.6127744,1.79,16.36,4.24745,1.5608994,0.8936213,0.76404124,-0.49,22.03,3.218562,1.1767613,11.509362,7.466012
0.92252517,1.7091978,1.6127744,1.79,16.36,4.2444973,1.5707202,0.8924478,0.76961815,-0.48,22.02,3.2327862,1.1773536,11.54522,7.4772835
0.91815233,1.7091978,1.6127744,1.8,16.32,4.2401247,1.5608994,0.8983768,0.77287126,-0.48,22.01,3.2321475,1.1739533,11.561418,7.472272
0.9167095,1.7155814,1.6197596,1.81,16.3,4.2520504,1.5608994,0.90079224,0.7778448,-0.47,21.99,3.2395363,1.1739533,11.561418,7.4915867
0.9360586,1.7155814,1.6197596,1.78,16.38,4.2713995,1.5707202,0.8983768,0.77617425,-0.47,22.02,3.2452714,1.1766396,11.572414,7.516671
0.89994705,1.7220657,1.634124,1.87,16.16,4.256137,1.5707202,0.8983768,0.78465843,-0.45,21.98,3.2537556,1.1766396,11.572414,7.5098925
0.90130633,1.7155814,1.6197596,1.84,16.22,4.2366476,1.5807991,0.8995813,0.78465843,-0.45,22,3.265039,1.179198,11.611462,7.5016866
0.891928,1.7220657,1.6197596,1.86,16.15,4.233753,1.5608994,0.8983768,0.79169095,-0.42,21.95,3.250967,1.1700857,11.616298,7.48472
0.891928,1.7286534,1.6197596,1.86,16.14,4.240341,1.5807991,0.90446377,0.7899116,-0.45,21.98,3.2751746,1.1700857,11.616298,7.515516
0.88158596,1.7286534,1.6197596,1.89,16.09,4.229999,1.5807991,0.90079224,0.7934846,-0.43,21.96,3.275076,1.1718053,11.628536,7.505075
0.88285756,1.7286534,1.6197596,1.88,16.1,4.231271,1.5707202,0.90200955,0.7971164,-0.42,21.94,3.269846,1.1718053,11.628536,7.5011168
0.8790602,1.7490684,1.6197596,1.9,16.04,4.247888,1.5707202,0.8983768,0.79895467,-0.41,21.94,3.2680519,1.1692023,11.6517515,7.5159397
0.8704008,1.7353477,1.6197596,1.91,16.02,4.225508,1.6017808,0.9119873,0.79895467,-0.45,21.99,3.312723,1.1704597,11.656467,7.538231
0.88158596,1.7353477,1.6268746,1.89,16.07,4.2438083,1.5707202,0.90446377,0.80174094,-0.41,21.93,3.2769248,1.1704597,11.656467,7.520733
0.8620108,1.7421516,1.6268746,1.93,15.96,4.231037,1.5807991,0.90446377,0.84146625,-0.31,21.81,3.326729,1.1539575,11.696648,7.557766
0.8620108,1.7490684,1.6268746,1.93,15.95,4.2379537,1.5807991,0.91844904,0.852851,-0.31,21.79,3.352099,1.1539575,11.696648,7.5900526
0.857332,1.7353477,1.6268746,1.94,15.94,4.2195544,1.5807991,0.9057008,0.80551076,-0.41,21.93,3.2920105,1.1480256,11.749863,7.511565
0.857332,1.7490684,1.6268746,1.94,15.93,4.233275,1.5807991,0.9057008,0.80361795,-0.42,21.94,3.2901177,1.1735549,11.698325,7.5233927
0.8704008,1.7490684,1.6268746,1.91,16,4.2463436,1.5807991,0.9057008,0.80551076,-0.41,21.93,3.2920105,1.1735549,11.698325,7.538354
0.85387623,1.7490684,1.6268746,1.95,15.89,4.2298193,1.5807991,0.9069445,0.8074196,-0.41,21.93,3.2951632,1.1659384,11.686631,7.5249825
0.857332,1.7353477,1.634124,1.94,15.92,4.226804,1.5807991,0.90945214,0.8103136,-0.41,21.92,3.3005648,1.1659384,11.686631,7.5273685
0.8561751,1.7490684,1.6268746,1.95,15.91,4.232118,1.5707202,0.9069445,0.8074196,-0.4,21.92,3.2850842,1.1733676,11.708217,7.5172024
0.857332,1.7490684,1.634124,1.95,15.91,4.2405243,1.5807991,0.90819496,0.80934477,-0.41,21.93,3.298339,1.167304,11.711293,7.538863
0.8596611,1.7490684,1.634124,1.95,15.91,4.242853,1.5911483,0.90819496,0.80361795,-0.42,21.95,3.302961,1.167304,11.711293,7.5458145
0.8561751,1.7490684,1.6415122,1.96,15.88,4.2467556,1.5911483,0.91844904,0.80174094,-0.45,21.97,3.3113382,1.1749556,11.700526,7.558094
0.8561751,1.7490684,1.6490439,1.97,15.85,4.2542872,1.5911483,0.9119873,0.80361795,-0.43,21.96,3.3067536,1.1749556,11.700526,7.561041
0.85159725,1.7490684,1.6268746,1.95,15.89,4.22754,1.5911483,0.90945214,0.80361795,-0.43,21.96,3.3042183,1.1804332,11.706622,7.5317583
0.8643813,1.756101,1.634124,1.95,15.91,4.2546062,1.6017808,0.9132654,0.80174094,-0.44,21.97,3.316787,1.1761892,11.703615,7.571393
0.8596611,1.7421516,1.634124,1.94,15.93,4.235937,1.5911483,0.90945214,0.79895467,-0.44,21.98,3.299555,1.1761892,11.703615,7.535492
0.86677295,1.7490684,1.634124,1.93,15.95,4.2499657,1.5911483,0.9132654,0.8008083,-0.44,21.97,3.305222,1.1774632,11.694558,7.5551877
0.8643813,1.7490684,1.634124,1.94,15.93,4.247574,1.5911483,0.9119873,0.8074196,-0.42,21.95,3.3105552,1.1774632,11.694558,7.5581293
0.86677295,1.7490684,1.634124,1.93,15.96,4.2499657,1.6017808,0.9171423,0.8103136,-0.43,21.95,3.3292365,1.1719859,11.695026,7.579202
0.8620108,1.756101,1.634124,1.95,15.9,4.252236,1.623952,0.9145505,0.8074196,-0.44,22,3.345922,1.1794535,11.67684,7.598158
0.8620108,1.756101,1.634124,1.95,15.91,4.252236,1.6127104,0.9132654,0.80551076,-0.44,21.98,3.3314865,1.1794535,11.67684,7.583722
0.89724827,1.7490684,1.6415122,1.88,16.09,4.2878284,1.6017808,0.9145505,0.8103136,-0.42,21.96,3.326645,1.1716322,11.699885,7.6144733
0.86677295,1.756101,1.6415122,1.94,15.92,4.264386,1.6017808,0.9171423,0.80934477,-0.43,21.97,3.3282678,1.1716322,11.699885,7.592654
0.8643813,1.7632535,1.6415122,1.95,15.89,4.269147,1.6127104,0.91844904,0.8074196,-0.44,21.98,3.338579,1.1739955,11.694348,7.607726
0.857332,1.7632535,1.634124,1.95,15.88,4.2547092,1.6017808,0.9197631,0.8122637,-0.43,21.95,3.3338077,1.1710413,11.704486,7.588517
0.87407815,1.8169937,1.6415122,1.95,15.87,4.3325844,1.6127104,0.92108464,0.8074196,-0.45,21.99,3.3412144,1.1710413,11.704486,7.6737986
0.8620108,1.756101,1.6490439,1.96,15.87,4.2671556,1.6017808,0.9197631,0.80934477,-0.44,21.97,3.3308887,1.1555429,11.702993,7.5980444
0.86677295,1.7705289,1.6415122,1.95,15.89,4.2788143,1.6127104,0.92108464,0.8122637,-0.44,21.96,3.3460586,1.1555429,11.702993,7.624873
0.86677295,1.7854649,1.634124,1.95,15.88,4.2863617,1.6017808,0.91844904,0.8103136,-0.43,21.96,3.3305435,1.1694397,11.70039,7.616905
0.8679768,1.7705289,1.6490439,1.95,15.89,4.2875495,1.6127104,0.91844904,0.8103136,-0.43,21.97,3.341473,1.165073,11.698333,7.6290226
0.8728468,1.7705289,1.6415122,1.94,15.93,4.284888,1.6127104,0.9171423,0.80934477,-0.44,21.98,3.3391974,1.165073,11.698333,7.6240854
0.87407815,1.7705289,1.6490439,1.94,15.92,4.293651,1.6127104,0.91844904,0.80934477,-0.44,21.98,3.3405042,1.1715347,11.684839,7.6341553
0.87407815,1.7779313,1.6490439,1.94,15.92,4.3010535,1.6127104,0.9250946,0.7971164,-0.48,22.03,3.3349214,1.1715347,11.684839,7.635975
0.87655777,1.7705289,1.6490439,1.94,15.93,4.2961307,1.6127104,0.91844904,0.81522065,-0.42,21.96,3.34638,1.1769601,11.678537,7.6425104
0.88158596,1.7632535,1.6567245,1.94,15.95,4.3015637,1.6127104,0.9171423,0.8122637,-0.43,21.96,3.3421164,1.1725717,11.682517,7.64368
0.87655777,1.7705289,1.6490439,1.94,15.93,4.2961307,1.6127104,0.9158428,0.81522065,-0.42,21.96,3.3437736,1.1725717,11.682517,7.639904
0.8790602,1.7705289,1.6490439,1.94,15.94,4.298633,1.6127104,0.9197631,0.81522065,-0.43,21.96,3.3476942,1.1712854,11.686827,7.646327
0.88158596,1.7632535,1.6490439,1.93,15.97,4.2938833,1.623952,0.9197631,0.82432896,-0.41,21.94,3.368044,1.1712854,11.686827,7.661927
0.88158596,1.7705289,1.6490439,1.93,15.96,4.301159,1.623952,0.9197631,0.81522065,-0.43,21.97,3.3589356,1.1714917,11.680246,7.6600943
0.8790602,1.7705289,1.6490439,1.94,15.94,4.298633,1.6127104,0.9197631,0.8122637,-0.44,21.97,3.3447373,1.1717417,11.676313,7.6433706
0.88158596,1.7779313,1.6490439,1.94,15.94,4.3085613,1.6127104,0.9197631,0.81423074,-0.43,21.96,3.3467042,1.1717417,11.676313,7.655266
0.8854188,1.7779313,1.706242,1.99,15.84,4.369592,1.6127104,0.9197631,0.8212524,-0.41,21.94,3.353726,1.1659228,11.68715,7.723318
0.91242445,1.7705289,1.6490439,1.87,16.11,4.3319974,1.6127104,0.9158428,0.81423074,-0.42,21.96,3.3427837,1.1659228,11.68715,7.674781
0.891928,1.8088932,1.6490439,1.92,15.96,4.349865,1.6127104,0.9197631,0.80551076,-0.45,21.99,3.3379843,1.1663082,11.6290655,7.687849
0.8893058,1.7779313,1.6490439,1.92,15.98,4.316281,1.6127104,0.9237503,0.8122637,-0.44,21.97,3.3487244,1.1592561,11.674448,7.665005
0.8893058,1.7779313,1.6567245,1.92,15.98,4.3239613,1.6127104,0.92108464,0.8122637,-0.44,21.97,3.3460586,1.1592561,11.674448,7.67002
0.891928,1.7705289,1.6490439,1.91,16,4.311501,1.6127104,0.92108464,0.8103136,-0.44,21.98,3.3441086,1.1720752,11.667011,7.6556096
0.8932485,1.7632535,1.6490439,1.91,16.02,4.305546,1.6127104,0.9171423,0.8122637,-0.43,21.97,3.3421164,1.1720752,11.667011,7.647662
0.8932485,1.7705289,1.6415122,1.9,16.04,4.3052893,1.6127104,0.9197631,0.8074196,-0.45,21.99,3.339893,1.1720793,11.654816,7.6451826
0.89724827,1.7632535,1.6490439,1.9,16.04,4.3095455,1.6127104,0.9171423,0.80551076,-0.45,21.99,3.3353634,1.1700273,11.649231,7.644909
0.8932485,1.7705289,1.6490439,1.91,16.01,4.3128214,1.6127104,0.9197631,0.80361795,-0.46,22,3.3360915,1.1700273,11.649231,7.648913
0.8893058,1.7705289,1.6490439,1.91,16,4.3088784,1.6127104,0.9237503,0.8074196,-0.45,21.98,3.3438802,1.1718739,11.656146,7.6527586
0.89724827,1.7705289,1.6490439,1.9,16.04,4.316821,1.6127104,0.9278064,0.80934477,-0.46,22,3.3498616,1.1718739,11.656146,7.6666827
0.89724827,1.756101,1.6567245,1.9,16.04,4.310074,1.6127104,0.9171423,0.80934477,-0.44,21.97,3.3391974,1.1703752,11.654207,7.649271
0.90130633,1.7705289,1.6567245,1.9,16.05,4.32856,1.6127104,0.9237503,0.82744724,-0.4,21.92,3.3639078,1.1703752,11.654207,7.6924677
0.9082035,1.7705289,1.6415122,1.87,16.11,4.320245,1.623952,0.92108464,0.80934477,-0.45,21.99,3.3543816,1.1754118,11.640247,7.6746264
0.9068104,1.7705289,1.6490439,1.89,16.08,4.326383,1.6127104,0.9237503,0.80934477,-0.45,21.98,3.3458054,1.1660126,11.633932,7.6721888
0.9068104,1.7705289,1.6490439,1.89,16.08,4.326383,1.6127104,0.91844904,0.8074196,-0.45,21.99,3.338579,1.1660126,11.633932,7.664962
0.9068104,1.7705289,1.6490439,1.88,16.08,4.326383,1.6127104,0.9171423,0.80551076,-0.45,21.99,3.3353634,1.1699195,11.63252,7.6617465
0.9082035,1.7705289,1.6567245,1.89,16.08,4.335457,1.6127104,0.91844904,0.80361795,-0.46,22,3.3347774,1.1699195,11.63252,7.670234
0.9082035,1.7705289,1.6567245,1.89,16.08,4.335457,1.6127104,0.9237503,0.80174094,-0.47,22.01,3.3382015,1.174112,11.628123,7.6736584
0.9082035,1.7632535,1.6490439,1.88,16.1,4.320501,1.6127104,0.91844904,0.80934477,-0.44,21.98,3.3405042,1.1717439,11.633623,7.661005
0.91101044,1.7705289,1.6567245,1.89,16.09,4.3382635,1.6127104,0.91844904,0.80551076,-0.45,21.99,3.3366702,1.1717439,11.633623,7.6749334
0.91101044,1.7632535,1.6567245,1.88,16.1,4.3309884,1.6127104,0.9197631,0.80361795,-0.46,22,3.3360915,1.1736528,11.6246195,7.66708
0.91242445,1.7632535,1.6567245,1.88,16.1,4.332402,1.623952,0.91844904,0.80361795,-0.46,22.01,3.346019,1.1784167,11.616311,7.678421
0.91101044,1.7632535,1.6490439,1.87,16.11,4.323308,1.6127104,0.91844904,0.80934477,-0.44,21.98,3.3405042,1.1784167,11.616311,7.663812
0.91101044,1.7490684,1.6490439,1.87,16.13,4.3091226,1.623952,0.9197631,0.80551076,-0.46,22,3.3492258,1.1747776,11.617498,7.658348
0.91242445,1.7632535,1.6415122,1.86,16.14,4.31719,1.6127104,0.9197631,0.80934477,-0.44,21.98,3.3418183,1.1747776,11.617498,7.6590085
0.9167095,1.7632535,1.6490439,1.87,16.14,4.3290067,1.6127104,0.91844904,0.8122637,-0.43,21.97,3.3434231,1.1675141,11.622998,7.67243
0.91242445,1.7632535,1.6490439,1.87,16.12,4.324722,1.6127104,0.9171423,0.8074196,-0.44,21.98,3.3372722,1.1704968,11.614508,7.661994
0.9068104,1.756101,1.6567245,1.89,16.07,4.319636,1.6127104,0.9237503,0.80361795,-0.47,22.01,3.3400786,1.1704968,11.614508,7.6597147
0.9167095,1.7632535,1.6490439,1.87,16.14,4.3290067,1.6127104,0.9250946,0.8074196,-0.46,22,3.3452246,1.1766922,11.63322,7.6742315
0.9167095,1.7632535,1.6490439,1.86,16.14,4.3290067,1.6127104,0.9197631,0.8008083,-0.47,22.01,3.333282,1.1766922,11.63322,7.6622887
0.91815233,1.756101,1.6490439,1.86,16.16,4.3232975,1.6127104,0.92108464,0.80174094,-0.46,22,3.3355358,1.1731743,11.609634,7.6588335
0.91815233,1.7632535,1.6567245,1.87,16.14,4.33813,1.6127104,0.91844904,0.79895467,-0.47,22.01,3.3301141,1.1757822,11.602668,7.6682444
0.9210601,1.756101,1.6567245,1.87,16.15,4.3338857,1.6017808,0.9237503,0.80361795,-0.46,21.99,3.329149,1.1757822,11.602668,7.6630344
0.9329958,1.7632535,1.6490439,1.84,16.23,4.345293,1.6127104,0.9237503,0.80174094,-0.47,22.01,3.3382015,1.176889,11.605394,7.6834946
0.92252517,1.756101,1.6975495,1.9,16.08,4.3761754,1.6127104,0.9171423,0.80361795,-0.45,21.99,3.3334706,1.176889,11.605394,7.709646
0.92547804,1.756101,1.6567245,1.85,16.18,4.3383036,1.6127104,0.91844904,0.80361795,-0.45,21.99,3.3347774,1.1909928,11.608608,7.673081
0.9167095,1.7490684,1.6490439,1.86,16.16,4.3148217,1.6127104,0.9237503,0.80174094,-0.47,22.01,3.3382015,1.1762117,11.598716,7.6530232
0.92547804,1.756101,1.6567245,1.85,16.19,4.3383036,1.6127104,0.9171423,0.7971164,-0.47,22.02,3.3269691,1.1762117,11.598716,7.6652727
0.9486427,1.756101,1.6567245,1.81,16.3,4.3614683,1.6127104,0.9197631,0.8008083,-0.47,22.01,3.333282,1.1766895,11.595527,7.6947503
0.9269659,1.756101,1.6490439,1.85,16.2,4.332111,1.6127104,0.9197631,0.80174094,-0.46,22.01,3.3342144,1.1766895,11.595527,7.6663256
0.9269659,1.7490684,1.6645588,1.86,16.18,4.340593,1.6127104,0.9171423,0.8008083,-0.46,22,3.3306608,1.1736915,11.590363,7.6712537
0.9329958,1.756101,1.6567245,1.84,16.23,4.3458214,1.6127104,0.9171423,0.79895467,-0.46,22.01,3.3288074,1.1821694,11.589213,7.6746287
0.9360586,1.7854649,1.6490439,1.84,16.2,4.3705673,1.623952,0.9171423,0.80174094,-0.46,22.02,3.3428352,1.1821694,11.589213,7.7134027
0.93760216,1.7490684,1.6490439,1.82,16.27,4.3357143,1.6127104,0.9171423,0.79895467,-0.47,22.01,3.3288074,1.1647797,11.584081,7.6645217
0.9438599,1.7632535,1.6490439,1.81,16.28,4.3561573,1.6127104,0.9158428,0.8008083,-0.46,22,3.3293614,1.1647797,11.584081,7.6855187
0.94228286,1.756101,1.6490439,1.82,16.28,4.347428,1.6017808,0.9171423,0.79169095,-0.48,22.02,3.310614,1.169118,11.566381,7.658042
0.93760216,1.7490684,1.6567245,1.83,16.26,4.343395,1.6127104,0.9145505,0.7934846,-0.47,22.02,3.3207455,1.174437,11.558644,7.6641407
0.939154,1.7490684,1.6490439,1.82,16.28,4.3372664,1.6127104,0.9171423,0.7934846,-0.48,22.03,3.3233373,1.174437,11.558644,7.6606035
0.939154,1.7632535,1.6490439,1.82,16.26,4.3514514,1.6017808,0.9119873,0.7934846,-0.47,22.01,3.307253,1.1743665,11.564728,7.6587043
0.94228286,1.7490684,1.6490439,1.81,16.3,4.340395,1.6127104,0.9132654,0.78639555,-0.49,22.05,3.3123713,1.1743665,11.564728,7.652766
0.939154,1.756101,1.6490439,1.82,16.27,4.344299,1.6127104,0.9145505,0.79169095,-0.48,22.03,3.3189516,1.1771771,11.554661,7.6632504
0.9454455,1.7490684,1.6490439,1.8,16.33,4.343558,1.6127104,0.90945214,0.78639555,-0.48,22.04,3.308558,1.1779741,11.553518,7.652116
0.93760216,1.7490684,1.6567245,1.83,16.26,4.343395,1.6017808,0.90945214,0.78814656,-0.48,22.03,3.2993793,1.1779741,11.553518,7.6427746
0.9454455,1.7490684,1.6490439,1.81,16.31,4.343558,1.6017808,0.9145505,0.7934846,-0.47,22.01,3.309816,1.1773821,11.569998,7.6533737
0.9438599,1.7490684,1.6490439,1.81,16.3,4.3419724,1.6127104,0.9119873,0.78639555,-0.49,22.04,3.3110933,1.1773821,11.569998,7.6530657
0.94228286,1.7490684,1.6490439,1.82,16.28,4.340395,1.6127104,0.9119873,0.78465843,-0.49,22.05,3.3093562,1.1791921,11.545638,7.649751
0.94228286,1.7421516,1.6415122,1.8,16.32,4.325947,1.6017808,0.90945214,0.78465843,-0.48,22.04,3.2958913,1.1776124,11.549923,7.621838
0.9486427,1.7490684,1.6490439,1.81,16.32,4.346755,1.6017808,0.9119873,0.78465843,-0.49,22.04,3.2984266,1.1776124,11.549923,7.6451817
0.9773075,1.7490684,1.6567245,1.76,16.45,4.3831005,1.6017808,0.90819496,0.7934846,-0.46,22.01,3.3034604,1.1729964,11.548186,7.6865606
0.9454455,1.7490684,1.6490439,1.81,16.3,4.343558,1.6127104,0.90945214,0.78639555,-0.48,22.04,3.308558,1.1729964,11.548186,7.652116
0.9438599,1.7490684,1.6490439,1.81,16.31,4.3419724,1.6017808,0.9119873,0.78639555,-0.48,22.03,3.3001637,1.1763439,11.548313,7.642136
0.9454455,1.756101,1.6490439,1.81,16.3,4.35059,1.6017808,0.90945214,0.8103136,-0.42,21.95,3.3215466,1.1667322,11.572486,7.672137
0.9486427,1.7490684,1.6567245,1.81,16.31,4.3544354,1.6017808,0.9305497,0.78293496,-0.52,22.06,3.3152654,1.1667322,11.572486,7.6697006
0.96011394,1.7421516,1.6490439,1.78,16.4,4.3513093,1.6017808,0.9158428,0.78465843,-0.49,22.04,3.3022819,1.1793172,11.545499,7.653591
0.9551432,1.7421516,1.6490439,1.79,16.36,4.3463387,1.6017808,0.90945214,0.7795284,-0.5,22.06,3.2907612,1.1793172,11.545499,7.6371
0.96011394,1.7490684,1.6490439,1.78,16.39,4.3582263,1.6127104,0.9171423,0.7778448,-0.52,22.08,3.3076973,1.1828539,11.521073,7.6659236
0.9502544,1.7421516,1.6490439,1.8,16.35,4.3414497,1.6017808,0.9069445,0.77617425,-0.5,22.07,3.2848995,1.1784506,11.513249,7.6263494
0.9518749,1.7421516,1.6490439,1.8,16.35,4.3430705,1.6127104,0.9069445,0.7778448,-0.5,22.07,3.2974997,1.1784506,11.513249,7.64057
0.9551432,1.7421516,1.6567245,1.79,16.36,4.354019,1.6017808,0.9057008,0.7795284,-0.49,22.05,3.28701,1.1803297,11.525986,7.6410294
0.9486427,1.7421516,1.6645588,1.82,16.3,4.355353,1.5911483,0.9069445,0.76961815,-0.52,22.08,3.2677107,1.1803297,11.525986,7.6230636
0.9518749,1.7421516,1.6490439,1.8,16.35,4.3430705,1.6017808,0.9057008,0.76800984,-0.52,22.09,3.2754915,1.1913632,11.522583,7.6185617
0.9502544,1.7421516,1.6567245,1.8,16.34,4.3491306,1.6017808,0.9069445,0.76247424,-0.54,22.11,3.2711995,1.1874235,11.509975,7.62033
0.9551432,1.756101,1.6490439,1.8,16.34,4.360288,1.6017808,0.90446377,0.7555624,-0.56,22.14,3.261807,1.1874235,11.509975,7.622095
0.95679086,1.7421516,1.6490439,1.79,16.38,4.347986,1.6127104,0.90446377,0.7555624,-0.56,22.15,3.2727365,1.18846,11.49633,7.620723
0.9634747,1.7286534,1.6490439,1.77,16.43,4.341172,1.6017808,0.9305497,0.75860655,-0.59,22.16,3.290937,1.18846,11.49633,7.632109
0.9518749,1.7421516,1.6490439,1.8,16.35,4.3430705,1.6017808,0.9069445,0.7518182,-0.57,22.15,3.2605433,1.1939638,11.477491,7.603614
0.9502544,1.7421516,1.6490439,1.8,16.35,4.3414497,1.6017808,0.9069445,0.7609187,-0.55,22.12,3.2696438,1.1880747,11.508445,7.6110935
0.9486427,1.7421516,1.6490439,1.8,16.34,4.339838,1.6017808,0.9389753,0.7555624,-0.62,22.18,3.2963185,1.1880747,11.508445,7.6361566
0.9518749,1.7421516,1.6567245,1.8,16.35,4.350751,1.6127104,0.9057008,0.77123857,-0.52,22.09,3.2896497,1.1868919,11.517696,7.640401
0.9518749,1.7353477,1.706242,1.85,16.24,4.3934646,1.6017808,0.90446377,0.757079,-0.55,22.12,3.2633238,1.1868919,11.517696,7.6567883
0.9518749,1.7353477,1.6490439,1.79,16.37,4.3362665,1.6017808,0.90819496,0.7609187,-0.55,22.12,3.2708943,1.2126844,11.512161,7.6071606
0.9518749,1.7353477,1.6567245,1.8,16.36,4.3439474,1.6017808,0.90200955,0.76247424,-0.53,22.11,3.2662647,1.1895027,11.504832,7.6102123
0.9584478,1.7421516,1.6567245,1.79,16.38,4.3573236,1.6017808,0.9057008,0.76404124,-0.53,22.11,3.2715228,1.1895027,11.504832,7.628846
0.9551432,1.7353477,1.6567245,1.8,16.36,4.3472157,1.6017808,0.9057008,0.76800984,-0.52,22.09,3.2754915,1.18695,11.506264,7.6227074
0.9584478,1.7421516,1.6567245,1.79,16.37,4.3573236,1.6017808,0.90945214,0.76961815,-0.53,22.09,3.280851,1.18695,11.506264,7.6381745
