{
  "version": 1,
  "author": "Grace Chen",
  "editor": "wokwi",
  "parts": [
    { "type": "wokwi-arduino-uno", "id": "uno", "top": 216.67, "left": -16, "attrs": {} },
    {
      "type": "wokwi-7segment",
      "id": "sevseg1",
      "top": 15.6,
      "left": -10.68,
      "attrs": { "common": "cathode" }
    },
    {
      "type": "wokwi-resistor",
      "id": "r1",
      "top": 29,
      "left": 108.98,
      "attrs": { "value": "1000" }
    },
    {
      "type": "wokwi-resistor",
      "id": "r2",
      "top": 182.89,
      "left": 23.5,
      "attrs": { "value": "1000" }
    },
    {
      "type": "wokwi-resistor",
      "id": "r3",
      "top": 160.18,
      "left": 40.33,
      "attrs": { "value": "1000" }
    },
    {
      "type": "wokwi-resistor",
      "id": "r4",
      "top": 135.44,
      "left": 60.49,
      "attrs": { "value": "1000" }
    },
    {
      "type": "wokwi-resistor",
      "id": "r5",
      "top": 110.01,
      "left": 78.86,
      "attrs": { "value": "1000" }
    },
    {
      "type": "wokwi-resistor",
      "id": "r6",
      "top": 83.44,
      "left": 105.08,
      "attrs": { "value": "1000" }
    },
    {
      "type": "wokwi-resistor",
      "id": "r7",
      "top": 57.1,
      "left": 107.07,
      "attrs": { "value": "1000" }
    }
  ],
  "connections": [
    [ "uno:8", "r5:2", "green", [ "v0" ] ],
    [ "uno:9", "r4:2", "green", [ "v0" ] ],
    [ "uno:10", "r3:2", "green", [ "v0" ] ],
    [ "uno:11", "r2:2", "green", [ "v0" ] ],
    [ "sevseg1:F", "r3:1", "green", [ "v-34.41", "h-40.35", "v172.78" ] ],
    [ "sevseg1:G", "r2:1", "green", [ "v-19.19", "h-16.42", "v3.58" ] ],
    [ "sevseg1:COM.1", "uno:GND.1", "green", [ "h0.18", "v139.46" ] ],
    [ "sevseg1:C", "r6:1", "green", [ "v9.65", "h10.28" ] ],
    [ "r4:1", "sevseg1:E", "green", [ "v-0.12", "h-74.13" ] ],
    [ "r5:1", "sevseg1:D", "green", [ "v0.24", "h-83.54" ] ],
    [ "r6:2", "uno:7", "green", [ "v-0.04", "h9.39" ] ],
    [ "r7:2", "uno:6", "green", [ "v-0.56", "h12.77" ] ],
    [ "r1:2", "uno:5", "green", [ "v-0.21", "h14.44" ] ],
    [ "sevseg1:B", "r7:1", "green", [ "v-0.39", "h16.79", "v44.76" ] ],
    [ "sevseg1:A", "r1:1", "green", [ "v-14.71", "h40.71", "v32.23" ] ]
  ]
}