{
  "version": 1,
  "author": "Grace Chen",
  "editor": "wokwi",
  "parts": [
    { "type": "wokwi-arduino-uno", "id": "uno", "top": 0, "left": 0, "attrs": {} },
    {
      "type": "wokwi-resistor",
      "id": "r1",
      "top": -40.48,
      "left": 141.78,
      "attrs": { "value": "1000" }
    },
    {
      "type": "wokwi-led",
      "id": "led1",
      "top": -101.81,
      "left": 35.77,
      "attrs": { "color": "red" }
    }
  ],
  "connections": [
    [ "r1:2", "uno:8", "green", [ "v0" ] ],
    [ "led1:A", "r1:1", "green", [ "v0" ] ],
    [ "led1:C", "uno:GND.3", "green", [ "v0" ] ]
  ]
}