"Name","Mobility","State","Population","Commute","Longitude","Latitude"
"Johnson City",0.0621988103,"TN",576081,0.325,-82.4363861083984,36.4703712463379
"Morristown",0.0536519401,"TN",227816,0.276,-83.4072494506836,36.0965385437012
"Middlesborough",0.0726351365,"TN",66708,0.359,-83.5353317260742,36.5515403747559
"Knoxville",0.0562812127,"TN",727600,0.269,-84.242790222168,35.9522590637207
"Winston-Salem",0.0448007919,"NC",493180,0.292,-80.5053329467773,36.0812759399414
"Martinsville",0.0518358536,"VA",92753,0.313,-80.2941131591797,36.7005882263184
"Greensboro",0.0473969392,"NC",1055133,0.305,-79.7673873901367,36.311107635498
"North Wilkesboro",0.0516631268,"NC",90016,0.289,-81.2522048950195,36.2834167480469
"Galax",0.0795698911,"VA",64676,0.325,-81.039924621582,36.5919990539551
"Spartanburg",0.0431111902,"SC",354533,0.299,-81.7859649658203,34.8730812072754
"Gastonia",0.0515273064,"NC",413331,0.288,-81.6222229003906,35.4115333557129
"Charlotte",0.0437852368,"NC",1423942,0.241,-80.691764831543,35.0905609130859
"Boone",0.0560836494,"NC",77361,0.375,-81.8403930664062,36.196964263916
"Morganton",0.0544464625,"NC",164760,0.315,-81.9952087402344,35.8018951416016
"Hickory",0.0449696705,"NC",375363,0.322,-81.2875671386719,35.8712272644043
"Franklin",0.0566615611,"NC",44861,0.416,-83.3769378662109,34.9771461486816
"Sylva",0.0606653616,"NC",54082,0.412,-83.4053268432617,35.347770690918
"Asheville",0.0633802786,"NC",398505,0.314,-82.6990661621094,35.5480651855469
"Andrews",0.0804810375,"NC",59681,0.361,-83.8927536010742,34.9651565551758
"Bennettsville",0.0297968406,"SC",71586,0.34,-79.9775314331055,34.5340118408203
"Florence",0.0356782004,"SC",548986,0.327,-79.712776184082,33.9225311279297
"Fayetteville",0.0382470116,"NC",644101,0.322,-79.331413269043,35.0354957580566
"Wilmington",0.0418033972,"NC",361559,0.317,-78.3368682861328,34.4779357910156
"Wilson",0.0319583789,"NC",216840,0.36,-77.7810287475586,35.9106788635254
"Raleigh",0.0499866344,"NC",1412127,0.25,-78.7137908935547,35.7296524047852
"Henderson",0.0336088166,"NC",62926,0.345,-78.2416152954102,36.349494934082
"Goldsboro",0.0453549512,"NC",222553,0.348,-78.1784744262695,35.0529937744141
"Jacksonville",0.0470072404,"NC",536909,0.375,-77.1085052490234,35.192928314209
"Virginia Beach",0.0535509437,"VA",1119468,0.253,-76.2944564819336,36.498649597168
"Washington",0.0497884788,"NC",124216,0.387,-76.5391998291016,35.6822280883789
"South Boston",0.0490487516,"VA",158234,0.318,-78.5038604736328,36.9987564086914
"Lynchburg",0.067359142,"VA",228616,0.309,-79.2872543334961,37.3504180908203
"Richmond",0.0547646731,"VA",1040192,0.238,-77.3593826293945,37.4937553405762
"Newport News",0.0513657629,"VA",570854,0.29,-76.745735168457,37.1789703369141
"Roanoke Rapids",0.0327529013,"NC",139055,0.357,-77.3320770263672,36.2598991394043
"Gulfport",0.0671070293,"MS",458674,0.298,-89.4176559448242,30.6803550720215
"Laurel",0.0692070574,"MS",120505,0.32,-89.1161804199219,31.800952911377
"Hattiesburg",0.0605108887,"MS",157181,0.358,-89.4493865966797,31.2641201019287
"Kosciusko",0.0354896672,"MS",41270,0.365,-90.0540618896484,33.1420021057129
"Yazoo City",0.0247895233,"MS",39355,0.417,-90.47216796875,32.897403717041
"Jackson",0.0375340469,"MS",546560,0.267,-90.2277221679688,32.2902183532715
"McComb",0.0625297204,"MS",103602,0.341,-90.7779388427734,31.2274875640869
"Brookhaven",0.0642954856,"MS",46424,0.321,-90.2544555664062,31.5236892700195
"Jena",0.1264222562,"LA",25202,0.369,-91.9713516235352,31.5846118927002
"Natchez",0.0487460271,"MS",69653,0.418,-91.4330596923828,31.6362190246582
"Vicksburg",0.0311782081,"MS",84943,0.379,-91.1058883666992,32.1802291870117
"New Orleans",0.0512128659,"LA",1381652,0.247,-89.9018478393555,30.0419330596924
"Houma",0.1134691536,"LA",271365,0.414,-90.8623275756836,29.544864654541
"Baton Rouge",0.0603968948,"LA",806561,0.258,-91.1708374023438,30.5509929656982
"Alexandria",0.0672128424,"LA",186516,0.343,-92.3311233520508,31.3210601806641
"Lake Charles",0.0971184596,"LA",335960,0.369,-93.314323425293,30.6558399200439
"Lafayette",0.0950535387,"LA",548154,0.339,-91.953857421875,30.2178287506104
"Monroe",0.0551850982,"LA",253878,0.341,-91.7262649536133,32.3551597595215
"Lake Providence",0.0573065914,"LA",21735,0.393,-91.2655181884766,32.7700843811035
"Magnolia",0.060388945,"AR",34162,0.463,-93.628547668457,33.2614669799805
"Shreveport",0.0527185053,"LA",499101,0.312,-93.1822052001953,32.0001945495605
"Ruston",0.0688279271,"LA",74800,0.464,-92.6748275756836,32.1847763061523
"Many",0.1516079605,"LA",23459,0.306,-93.6567306518555,31.4778690338135
"Crossett",0.041538462,"AR",24209,0.502,-92.0092163085938,33.1967811584473
"Pine Bluff",0.0428298265,"AR",168122,0.396,-91.5339050292969,33.6581268310547
"El Dorado",0.0566330478,"AR",89373,0.437,-92.5011444091797,33.5784034729004
"Little Rock",0.0535617173,"AR",630854,0.293,-92.6370162963867,34.7950592041016
"Stuttgart",0.0539629012,"AR",40542,0.529,-91.3426666259766,34.4396324157715
"Searcy",0.0891045406,"AR",94324,0.421,-91.454719543457,35.3877983093262
"London",0.0638953075,"KY",144931,0.345,-84.0044937133789,37.024299621582
"Richmond",0.0590868406,"KY",116256,0.35,-84.1347045898438,37.589282989502
"West Liberty",0.0684385374,"KY",49887,0.295,-83.3554000854492,37.6686782836914
"Hazard",0.1306593716,"KY",117919,0.315,-83.1802062988281,37.1504173278809
"Campbellsville",0.0714285746,"KY",83451,0.404,-85.249870300293,37.2286758422852
"Somerset",0.0627145097,"KY",123981,0.372,-84.5739974975586,36.7019195556641
"Greenwood",0.0331106596,"MS",84168,0.435,-90.0163497924805,33.5430183410645
"Clarksdale",0.0271325037,"MS",141711,0.41,-90.2487945556641,34.1848678588867
"Greenville",0.0221015904,"MS",146833,0.498,-90.9878692626953,33.2874450683594
"Jackson",0.0474881269,"TN",198166,0.366,-88.8984222412109,35.6781158447266
"Dyersburg",0.0431115292,"TN",92131,0.442,-89.5839614868164,35.9390640258789
"Lexington",0.0816599727,"TN",44884,0.341,-88.0600204467773,35.6141738891602
"Tupelo",0.0435734168,"MS",197774,0.341,-88.6931762695312,34.0106201171875
"Corinth",0.06576325,"MS",129508,0.372,-88.3704833984375,35.0568542480469
"New Albany",0.0546255521,"MS",54214,0.299,-88.9695587158203,34.6554679870605
"Memphis",0.0281827394,"TN",1154338,0.224,-90.0650634765625,35.0354385375977
"West Memphis",0.0320140719,"AR",138746,0.416,-90.5962371826172,34.7605514526367
"Bowling Green",0.0642673522,"KY",164944,0.375,-86.3613433837891,36.9742088317871
"Glasgow",0.0613557659,"KY",92394,0.376,-85.7584686279297,36.8960647583008
"Columbia",0.0570192672,"TN",159374,0.304,-87.1828079223633,35.5133590698242
"Nashville",0.0572634488,"TN",1246338,0.24,-86.4776077270508,36.0064163208008
"Tullahoma",0.0614474267,"TN",130610,0.37,-86.3036117553711,35.4622421264648
"Dickson",0.0715361461,"TN",138212,0.33,-87.8451919555664,36.0888633728027
"Clarksville",0.0599688478,"TN",252059,0.319,-87.5625991821289,36.6690673828125
"Huntsville",0.0566761531,"AL",519583,0.286,-86.7002639770508,34.855583190918
"Gadsden",0.071056664,"AL",304068,0.328,-86.0703277587891,34.3181457519531
"Florence",0.0710671544,"AL",230941,0.33,-87.5710220336914,35.096565246582
"McMinnville",0.0572254322,"TN",84309,0.367,-85.6722869873047,35.8743438720703
"Cookeville",0.0720288083,"TN",98362,0.38,-85.4125366210938,36.3022613525391
"Chattanooga",0.0570530631,"TN",490863,0.256,-85.337043762207,35.1550254821777
"Crossville",0.0708446875,"TN",104194,0.338,-84.981071472168,35.9107475280762
"Ellijay",0.064965196,"GA",43254,0.292,-84.3799591064453,34.6945686340332
"Cleveland",0.0668229759,"TN",203077,0.343,-84.543327331543,35.4968109130859
"Rome",0.0484621339,"GA",418304,0.301,-85.1338729858398,34.4316864013672
"Tampa",0.060128428,"FL",2395997,0.264,-82.4193954467773,28.1531715393066
"Lakeland",0.0520584956,"FL",598228,0.289,-81.4550399780273,27.7498950958252
"Sarasota",0.0683156624,"FL",763795,0.319,-82.2600936889648,27.1796760559082
"Miami",0.0729660839,"FL",3955969,0.198,-80.6895523071289,25.5369129180908
"Port St. Lucie",0.062430378,"FL",1533306,0.26,-80.8225402832031,27.1259841918945
"Cape Coral",0.0601915196,"FL",692265,0.273,-81.7269973754883,26.4002437591553
"Palm Bay",0.0658892095,"FL",589177,0.3,-80.7524337768555,28.3434429168701
"Orlando",0.0578166097,"FL",1697906,0.212,-81.4672393798828,28.5010166168213
"Deltona",0.0587789156,"FL",563598,0.303,-81.4155960083008,29.2213096618652
"Jacksonville",0.0492131598,"FL",1176696,0.229,-81.7244110107422,30.4425716400146
"Lake City",0.049539458,"FL",149695,0.339,-83.1948776245117,30.1301002502441
"Ocala",0.0564204939,"FL",377001,0.273,-82.1488647460938,29.1660633087158
"Gainesville",0.0496746562,"FL",320199,0.321,-82.6522445678711,29.6797657012939
"Sumter",0.0349367075,"SC",209914,0.33,-80.3857803344727,33.9842262268066
"Columbia",0.0372132659,"SC",722201,0.28,-80.9798583984375,33.8458404541016
"Barnwell",0.0353721455,"SC",72733,0.349,-81.2760009765625,32.9641990661621
"Charleston",0.0444692373,"SC",587297,0.269,-80.1714706420898,33.056827545166
"Greenville",0.0469857492,"SC",894291,0.308,-82.5311050415039,34.444034576416
"Aiken",0.0410487503,"GA",525842,0.275,-82.2422409057617,33.4064865112305
"Washington",0.031144781,"GA",35518,0.341,-82.8233413696289,33.6700859069824
"Fitzgerald",0.0359147042,"GA",27415,0.458,-83.2339935302734,31.6627140045166
"Cordele",0.0330490395,"GA",42098,0.43,-83.5846252441406,32.033317565918
"Valdosta",0.0318490118,"GA",241530,0.422,-83.3960266113281,31.2604084014893
"Waycross",0.0445917435,"GA",113122,0.41,-82.57080078125,31.2826557159424
"Brunswick",0.0473826714,"GA",93044,0.348,-81.708869934082,31.302375793457
"Hinesville",0.0489417985,"GA",131279,0.413,-81.7807998657227,31.7835903167725
"Statesboro",0.0388888903,"GA",111346,0.398,-81.9179534912109,32.6167068481445
"Savannah",0.0409670919,"GA",434615,0.297,-81.0676116943359,32.2408256530762
"Macon",0.0326111726,"GA",386870,0.294,-83.9226989746094,32.5219421386719
"Vidalia",0.0480652973,"GA",108438,0.391,-82.6852188110352,32.0088043212891
"Milledgeville",0.0322265625,"GA",83808,0.36,-83.0629272460938,33.156005859375
"Dublin",0.0320269689,"GA",74610,0.343,-82.7807083129883,32.7125244140625
"Atlanta",0.0453297347,"GA",3798017,0.178,-84.2125625610352,33.8539428710938
"Griffin",0.0402813293,"GA",135136,0.315,-84.2098388671875,33.1149978637695
"Winder",0.0379506648,"GA",212223,0.323,-83.3426895141602,33.9783325195312
"Toccoa",0.0416666679,"GA",89228,0.407,-83.0066680908203,34.2676086425781
"Gainesville",0.069715701,"GA",272150,0.269,-83.6861419677734,34.4037170410156
"Talladega",0.0449032262,"AL",148252,0.339,-86.1251373291016,33.1638946533203
"LaGrange",0.0523430221,"GA",457299,0.294,-85.4132308959961,33.5284309387207
"Columbus",0.0349603333,"GA",303656,0.325,-84.7794570922852,32.6434173583984
"Americus",0.0344074294,"GA",65826,0.409,-84.4287796020508,32.257884979248
"Auburn",0.0342648029,"AL",150911,0.38,-85.6117477416992,32.3696784973145
"Tallahassee",0.0470258147,"FL",426634,0.275,-84.7893295288086,30.4377670288086
"Panama City",0.0581574887,"FL",172606,0.358,-85.3004837036133,30.0905723571777
"Bainbridge",0.0393333323,"GA",43992,0.39,-84.7773666381836,31.0324802398682
"Thomasville",0.0328861959,"GA",66396,0.389,-84.0003814697266,30.9123077392578
"Albany",0.0276326872,"GA",181765,0.35,-84.1598281860352,31.53928565979
"Eufaula",0.022954924,"GA",61458,0.388,-84.9840850830078,31.6915855407715
"Dothan",0.0582822077,"AL",223605,0.361,-85.4327774047852,31.4178009033203
"Meridian",0.0467728749,"MS",157091,0.333,-88.8334197998047,32.5009651184082
"Columbus",0.0360278524,"MS",95083,0.362,-88.3316268920898,33.3776626586914
"Starkville",0.0399361029,"MS",105093,0.437,-88.9440841674805,33.4253387451172
"Jasper",0.0865883604,"AL",161169,0.32,-87.3326416015625,33.7509765625
"Birmingham",0.0504318327,"AL",1038182,0.22,-86.7145309448242,33.4854469299316
"Tuscaloosa",0.0403225794,"AL",261112,0.343,-87.3525161743164,32.8385696411133
"Demopolis",0.042383045,"AL",63233,0.337,-87.9114608764648,32.5304336547852
"Pensacola",0.0612063408,"FL",623252,0.309,-86.7144317626953,30.5462055206299
"Mobile",0.0513980016,"AL",599405,0.267,-87.666259765625,31.4869632720947
"Atmore",0.0477876104,"AL",76853,0.39,-87.3446884155273,31.4372310638428
"Montgomery",0.0330373719,"AL",367927,0.278,-86.4008636474609,32.2923164367676
"Troy",0.0679886714,"AL",80901,0.409,-86.189453125,31.7107219696045
"Bluefield",0.1107491851,"VA",199334,0.32,-81.580436706543,37.1378021240234
"Welch",0.1599147171,"WV",53037,0.263,-81.6393432617188,37.4899940490723
"Big Stone Gap",0.1036082506,"VA",84011,0.317,-82.72314453125,36.9120674133301
"Fredericksburg",0.0945812836,"VA",241044,0.205,-77.4250640869141,38.0942306518555
"Baltimore",0.064007394,"MD",2512431,0.199,-76.7990646362305,39.2704734802246
"Colonial Beach",0.0654515326,"VA",59342,0.31,-76.796630859375,37.9297065734863
"Washington DC",0.1098117381,"DC",4632415,0.16,-77.4324722290039,38.9264755249023
"Marquette",0.0965651348,"MI",121919,0.501,-86.9097442626953,46.1725540161133
"Marinette",0.1027253643,"MI",114408,0.525,-88.1482696533203,45.6683578491211
"Sault Ste. Marie",0.0991831943,"MI",57510,0.539,-84.5001525878906,46.1847114562988
"Jackson",0.0630887821,"MI",303839,0.356,-84.3774566650391,41.9445495605469
"Detroit",0.0545927621,"MI",5327827,0.243,-83.2955093383789,42.7676162719727
"Lansing",0.0641167387,"MI",447728,0.356,-84.648681640625,42.6758804321289
"Mount Pleasant",0.0646153837,"MI",136888,0.467,-84.7600479125977,43.562671661377
"Saginaw",0.0644080862,"MI",540707,0.376,-83.6669769287109,43.6854476928711
"Big Rapids",0.0743079185,"MI",120045,0.407,-85.3946990966797,44.0386199951172
"Ludington",0.0760736167,"MI",52801,0.493,-86.1842346191406,44.122974395752
"Kalamazoo",0.0526231341,"MI",509606,0.36,-85.5140533447266,42.3128662109375
"Grand Rapids",0.063729167,"MI",1286045,0.344,-85.7264099121094,43.1889839172363
"Traverse City",0.0742486715,"MI",154452,0.356,-85.5310363769531,44.8549652099609
"Petoskey",0.0765550211,"MI",83975,0.428,-84.7933502197266,45.3941383361816
"Alpena",0.078644067,"MI",84783,0.472,-83.6990737915039,45.0324363708496
"Grayling charter",0.0748898685,"MI",104421,0.457,-84.4363555908203,44.6857032775879
"Dayton",0.0488145053,"OH",1179009,0.341,-84.1028137207031,40.0221176147461
"Washington Court House",0.0533333346,"OH",109851,0.345,-83.5627670288086,39.2948684692383
"Wayne",0.0539811067,"IN",104034,0.464,-85.0427474975586,39.7046165466309
"Cincinnati",0.0512119494,"OH",1954800,0.258,-84.2685470581055,38.8519401550293
"Maysville",0.0528455302,"KY",52963,0.322,-83.6712799072266,38.4998893737793
"Washington",0.1065877154,"IN",134026,0.314,-85.0641784667969,39.0648803710938
"Lexington-Fayette",0.0537449978,"KY",525970,0.345,-84.5081634521484,38.1320838928223
"Mount Sterling",0.0622914359,"KY",40195,0.323,-83.6634368896484,38.0783996582031
"Danville",0.0727496892,"KY",86667,0.353,-84.7249908447266,37.7040634155273
"Elizabethtown",0.081598945,"KY",176597,0.338,-86.0881271362305,37.7544479370117
"Louisville",0.051995486,"KY",1100767,0.261,-85.6781463623047,38.2993583679199
"Madison",0.0938271582,"IN",49985,0.411,-85.3903198242188,38.6902122497559
"Bardstown",0.0762167126,"KY",66605,0.373,-85.40478515625,37.6990623474121
"Owensboro",0.0923025683,"KY",177640,0.387,-86.9816970825195,37.5197410583496
"Findlay",0.0736145601,"OH",246623,0.457,-83.3274612426758,40.9678688049316
"Lima",0.0694817677,"OH",260393,0.445,-84.2717895507812,40.7105560302734
"Toledo",0.0574808046,"OH",834343,0.345,-83.6778793334961,41.5681457519531
"Defiance",0.0814732164,"OH",98981,0.437,-84.5065536499023,41.3234443664551
"South Bend",0.0601345673,"IN",657906,0.385,-86.3163223266602,41.6564559936523
"Concord",0.0734009892,"IN",372184,0.405,-85.4939270019531,41.6202926635742
"Wayne",0.0915141404,"IN",129528,0.439,-85.9183959960938,41.0524978637695
"Center",0.0661350861,"IN",192308,0.451,-86.2592697143555,40.6478614807129
"Muncie",0.0531732403,"IN",415487,0.417,-85.4548721313477,40.2140159606934
"Fort Wayne",0.0659465641,"IN",557161,0.352,-85.1665344238281,41.0252723693848
"Indianapolis",0.0490063243,"IN",1507346,0.262,-86.122688293457,39.611385345459
"Columbus",0.0746864304,"IN",163284,0.404,-85.8469085693359,38.8266105651855
"Terre Haute",0.082625255,"IN",261832,0.391,-87.3151550292969,39.5072402954102
"Lafayette",0.0908335671,"IN",347966,0.429,-87.0883178710938,40.3285369873047
"Bloomington",0.0871858522,"IN",280923,0.397,-86.9038391113281,38.8078384399414
"Evansville",0.0792389214,"IN",388604,0.366,-87.454719543457,38.1533546447754
"Olney",0.1169398874,"IL",55642,0.486,-88.0994873046875,38.2621994018555
"Vincennes",0.1098398194,"IN",54708,0.488,-87.4358901977539,38.6371536254883
"Gary",0.081390135,"IN",675971,0.277,-87.2666168212891,41.2179756164551
"Canton",0.0649108514,"OH",700866,0.378,-81.465934753418,40.519172668457
"Lorain",0.0566001162,"OH",423702,0.362,-82.3657455444336,41.2349052429199
"Cleveland",0.050859265,"OH",2661167,0.268,-81.4847259521484,41.2727546691895
"Parkersburg",0.0708944052,"WV",202967,0.346,-81.4451217651367,39.1996803283691
"Zanesville",0.0684076101,"OH",188410,0.346,-81.7836303710938,39.7343330383301
"Steubenville",0.0727181509,"OH",132008,0.378,-80.7016906738281,40.4033126831055
"Wheeling",0.1254040152,"WV",195637,0.343,-80.8091583251953,39.6376495361328
"Scioto",0.0648590028,"OH",225682,0.322,-82.9105377197266,39.01025390625
"Athens",0.0747126415,"OH",142321,0.359,-82.0629959106445,38.9975662231445
"Columbus",0.049094066,"OH",1663807,0.271,-82.7316818237305,39.9555130004883
"Mansfield",0.0644607842,"OH",326186,0.403,-82.7405624389648,40.6658096313477
"State College",0.1131276488,"PA",310658,0.397,-78.1835327148438,40.8506507873535
"Altoona",0.1023769081,"PA",411749,0.391,-78.6428298950195,40.2173004150391
"Pittsburgh",0.09514869,"PA",2561364,0.287,-79.5761260986328,40.5679092407227
"Youngstown",0.0669745952,"OH",809682,0.374,-80.6030731201172,41.016960144043
"Erie",0.0751668066,"PA",659098,0.427,-79.5036315917969,41.3742065429688
"Roanoke",0.0640164241,"VA",468038,0.334,-80.1677627563477,37.3139152526855
"Elkins",0.1057993695,"WV",60271,0.388,-79.7854919433594,38.7990913391113
"Morgantown",0.1049584672,"WV",259942,0.336,-80.3536605834961,39.3572540283203
"Buckhannon",0.1264108419,"WV",40323,0.377,-80.3829650878906,38.926456451416
"Beckley",0.1064450294,"WV",174251,0.33,-80.8328170776367,37.9249839782715
"Summersville",0.1285289675,"WV",58143,0.329,-80.7836837768555,38.5716857910156
"Charleston",0.0972293913,"WV",347345,0.28,-81.7158126831055,38.1433944702148
"Spencer",0.1465677172,"WV",23028,0.268,-81.213020324707,38.7986145019531
"Pikeville",0.1378403753,"KY",204354,0.295,-82.6051483154297,37.7573471069336
"Huntington",0.0685057491,"KY",344380,0.343,-82.8904647827148,38.2893447875977
"Harrisonburg",0.0938897133,"VA",174641,0.378,-78.7827987670898,38.7607040405273
"Staunton",0.0680161938,"VA",188559,0.344,-79.5354461669922,37.8701171875
"Hagerstown",0.0870945826,"PA",408535,0.298,-77.9620590209961,39.7436256408691
"Cumberland",0.0969055369,"MD",155822,0.373,-78.8268737792969,39.2735443115234
"Winchester",0.0972972959,"VA",115649,0.301,-78.4002304077148,39.2103652954102
"Charlottesville",0.0613825992,"VA",273489,0.282,-78.2333831787109,38.0418243408203
"Syracuse",0.076672107,"NY",1080612,0.378,-75.6718292236328,43.084644317627
"Oneonta",0.0928838924,"NY",161132,0.405,-75.0704956054688,42.4394607543945
"Union",0.088044025,"NY",294558,0.363,-76.0699844360352,42.1343231201172
"Buffalo",0.066782549,"NY",2369699,0.333,-77.7660903930664,42.7380714416504
"Elmira",0.0936922133,"NY",346894,0.411,-76.8524780273438,42.3245124816895
"Olean",0.0801330507,"NY",197898,0.455,-78.447868347168,42.1064071655273
"St. Marys",0.1629834324,"PA",41086,0.53,-78.6627578735352,41.3966979980469
"Watertown",0.1011804417,"NY",250613,0.471,-75.5392837524414,44.1033897399902
"Plattsburgh",0.0854566842,"NY",169879,0.47,-73.7126007080078,44.331298828125
"Amsterdam",0.082840234,"NY",110160,0.416,-74.4513702392578,43.2861976623535
"Albany",0.0833333358,"NY",1061509,0.317,-73.8589172363281,42.8572311401367
"Sunbury",0.1113667712,"PA",191962,0.396,-76.8812713623047,40.8595542907715
"Scranton",0.1074531749,"PA",857487,0.351,-75.5423889160156,41.2837600708008
"Williamsport",0.1016209498,"PA",227275,0.414,-77.2385025024414,41.2774848937988
"Allentown",0.0826314986,"PA",637958,0.329,-75.4598083496094,40.8401222229004
"Reading",0.0963095427,"PA",1114959,0.344,-76.2531967163086,40.153995513916
"Harrisburg",0.0792682916,"PA",1051424,0.314,-77.1747894287109,40.3097534179688
"Poughkeepsie",0.0948357806,"NY",873232,0.301,-74.4587554931641,41.7227630615234
"New York",0.1050008386,"NY",11781395,0.156,-73.4934310913086,40.8868293762207
"Toms River",0.1222978607,"NJ",1126217,0.263,-74.3227462768555,40.027587890625
"Newark",0.1024259701,"NJ",5822286,0.234,-74.6487045288086,40.7106246948242
"Philadelphia",0.0740116686,"PA",5602247,0.246,-75.3061828613281,39.8666076660156
"Wilmington",0.0657239258,"DE",586216,0.251,-75.7440795898438,39.5715065002441
"Dover",0.0625960082,"DE",439269,0.358,-75.5329818725586,38.5384826660156
"Easton",0.0626359284,"MD",154018,0.32,-76.0423736572266,38.7869148254395
"Chincoteague",0.0445141047,"VA",51398,0.393,-75.6961898803711,37.6719169616699
"Bangor",0.0809096843,"ME",289843,0.403,-69.0667114257812,44.9682998657227
"Calais",0.0680272132,"ME",33941,0.493,-67.6050033569336,44.9989395141602
"Presque Isle",0.0855855867,"ME",73938,0.512,-68.5269775390625,46.3964767456055
"Portland",0.0805980191,"ME",690459,0.363,-69.9392471313477,44.7340354919434
"Burlington",0.0931878537,"VT",321496,0.366,-73.0345230102539,44.0672149658203
"Berlin",0.083530806,"VT",95549,0.433,-71.7748870849609,44.4993209838867
"Claremont",0.078877002,"VT",265884,0.383,-72.2651672363281,43.8187103271484
"Providence",0.0820953399,"RI",1582997,0.328,-71.3598098754883,41.6681175231934
"Nantucket",0.0810810775,"MA",9520,0.818,-70.063362121582,41.3039436340332
"Oak Bluffs",0.0676691756,"MA",14987,0.576,-70.6558151245117,41.390796661377
"Boston",0.1048499793,"MA",4974945,0.251,-71.188606262207,42.212329864502
"Manchester",0.1001517475,"NH",1193391,0.301,-71.297737121582,43.4739837646484
"Keene",0.0901116431,"NH",118041,0.407,-72.474739074707,43.0325889587402
"Springfield",0.0680504739,"MA",680014,0.342,-72.6502075195312,42.3591499328613
"Bridgeport",0.0786178932,"CT",3405565,0.308,-72.6092910766602,41.6280708312988
"Pittsfield",0.0865191147,"MA",171947,0.479,-73.0525436401367,42.6944618225098
"Ashland",0.0910326093,"WI",47701,0.533,-90.6493072509766,46.1779747009277
"Houghton",0.1022727266,"MI",47063,0.55,-88.5094833374023,47.1474723815918
"Ironwood",0.1213872805,"MI",32049,0.554,-89.6147308349609,46.4919624328613
"Rhinelander",0.1062801927,"WI",67833,0.509,-89.0856475830078,45.8335456848145
"Rice Lake",0.1015262082,"WI",92542,0.499,-91.4096221923828,45.6672897338867
"Amery",0.1285500675,"WI",56993,0.356,-92.5343780517578,45.7065849304199
"Hutchinson",0.1770657599,"MN",72898,0.464,-94.2248153686523,44.8072204589844
"Redwood Falls",0.1971831024,"MN",33969,0.571,-95.0502319335938,44.5783004760742
"Mankato",0.1263440847,"MN",149925,0.563,-94.4642868041992,44.210090637207
"Owatonna",0.137931034,"MN",109871,0.544,-93.3868789672852,44.1446380615234
"St. Cloud",0.1268896013,"MN",254139,0.398,-94.0343246459961,45.5808372497559
"Minneapolis",0.0852011293,"MN",2904389,0.264,-93.2317886352539,45.0522193908691
"Pine City",0.1096979305,"MN",41526,0.342,-92.7871551513672,45.988410949707
"Brainerd",0.0842745453,"MN",141542,0.42,-94.1722030639648,46.6966896057129
"Rochester",0.1421598494,"MN",228867,0.469,-92.4435501098633,44.2314186096191
"Austin",0.1177325547,"MN",71187,0.555,-93.0618896484375,43.6721839904785
"Mason City",0.1265984625,"IA",78179,0.58,-93.4568328857422,43.2174186706543
"Decorah",0.1657142788,"IA",72111,0.542,-92.3541717529297,43.2467956542969
"Marshalltown",0.1126346737,"IA",113442,0.535,-92.8246612548828,41.8321647644043
"Waterloo",0.1224658638,"IA",222112,0.492,-92.3131866455078,42.5283737182617
"Iowa Falls",0.1357615888,"IA",29516,0.561,-93.2544174194336,42.5082550048828
"Iowa City",0.0931849778,"IA",203768,0.432,-91.2396545410156,41.4012718200684
"Cedar Rapids",0.1173184365,"IA",252901,0.42,-91.6312637329102,41.9913520812988
"Ottumwa",0.1244979948,"IA",142385,0.493,-92.4260864257812,41.0566139221191
"Sheboygan",0.1380908191,"WI",195533,0.512,-87.8510437011719,43.9855575561523
"Oshkosh",0.1148549691,"WI",549651,0.445,-88.8022613525391,44.002685546875
"Green Bay",0.0910990387,"WI",310560,0.427,-87.7272033691406,44.8735694885254
"Shawano",0.0839002281,"WI",65966,0.447,-88.799934387207,45.0303230285645
"Wausau",0.1244852692,"WI",370092,0.46,-90.0060272216797,44.5141868591309
"Eau Claire",0.1130195782,"WI",305307,0.463,-91.5252075195312,44.4200897216797
"La Crosse",0.1181933284,"WI",220109,0.45,-90.6592102050781,43.8980979919434
"Monroe",0.1671388149,"WI",116624,0.461,-90.5752639770508,42.8756561279297
"Madison",0.0921911746,"WI",590755,0.365,-89.6100234985352,43.4425773620605
"Dubuque",0.1594827622,"IA",163189,0.524,-90.9662704467773,42.7233352661133
"Charleston",0.0958677679,"IL",101161,0.481,-87.8572311401367,39.4560966491699
"Douglas",0.1015452519,"IL",101195,0.485,-88.233268737793,38.9690818786621
"Bloomington",0.0845864639,"IL",206909,0.496,-88.8387069702148,40.5317306518555
"Decatur",0.0677927956,"IL",382083,0.451,-88.5191116333008,39.9406585693359
"Burlington",0.1022797301,"IA",136489,0.502,-91.4277954101562,40.6801147460938
"Galesburg",0.0885935798,"IL",145734,0.509,-90.2203521728516,40.5695343017578
"Davenport",0.0809443519,"IL",382351,0.393,-90.5065460205078,41.4243698120117
"Clinton",0.1138790026,"IA",70445,0.479,-90.4713363647461,42.0050468444824
"Peoria",0.0717817843,"IL",529703,0.394,-89.7173233032227,40.542537689209
"Kenosha",0.0691956431,"WI",584474,0.384,-88.4470291137695,42.671745300293
"Milwaukee",0.0445706695,"WI",1660659,0.312,-88.3217849731445,43.2040901184082
"Bourbonnais",0.0730964467,"IL",135167,0.41,-87.9118118286133,40.9501686096191
"Chicago",0.0649292618,"IL",8183799,0.201,-88.1881637573242,41.7979202270508
"Rockford",0.0735386536,"IL",622573,0.4,-89.5600738525391,41.9806289672852
"Rolla",0.0797373354,"MO",111509,0.463,-91.3987579345703,37.5368385314941
"Farmington",0.0852446482,"MO",137456,0.368,-90.2458267211914,37.7623176574707
"St. Louis",0.0505231395,"MO",2325609,0.241,-90.7478713989258,38.4731979370117
"Mexico",0.0756756738,"MO",37989,0.463,-91.6614379882812,39.0269927978516
"Jacksonville",0.0911504403,"IL",84748,0.472,-90.4029922485352,39.7390823364258
"Springfield",0.0673715994,"IL",267992,0.367,-89.5787887573242,39.9170379638672
"Edwardsville",0.0872936994,"IL",382997,0.336,-90.1977081298828,39.0804786682129
"Quincy",0.0896204859,"IL",152421,0.496,-91.1898193359375,39.625057220459
"Mountain Home",0.0895061716,"AR",64068,0.393,-92.4921569824219,36.2963218688965
"West Plains",0.0815548748,"MO",90551,0.416,-91.5573043823242,37.0019378662109
"Harrison",0.0997150987,"AR",76174,0.419,-93.2631530761719,36.113468170166
"Heber Springs",0.1096006781,"AR",51737,0.364,-92.1270904541016,35.7785453796387
"Batesville",0.0960288793,"AR",64601,0.375,-91.6276931762695,35.9889717102051
"Henderson",0.099227801,"KY",151629,0.401,-87.7652893066406,37.485294342041
"Union City",0.073929958,"TN",117387,0.403,-89.1215896606445,36.506534576416
"Paducah",0.0744777471,"KY",138654,0.378,-88.6710662841797,37.0740814208984
"Murray",0.0704545453,"KY",34177,0.521,-88.1674652099609,36.6015777587891
"Centralia",0.0813443735,"IL",141040,0.407,-89.072021484375,38.3731422424316
"Carbondale",0.0790478364,"IL",265022,0.418,-89.4100799560547,37.5473556518555
"Harrisburg",0.1121372059,"IL",37978,0.429,-88.2475967407227,37.704460144043
"Cape Girardeau",0.0600515455,"MO",184036,0.436,-89.6321792602539,36.898811340332
"Poplar Bluff",0.0668257773,"MO",73576,0.401,-90.4970626831055,36.8894805908203
"Blytheville",0.0514018685,"AR",105181,0.475,-89.9065399169922,36.0380096435547
"Jonesboro",0.0810322613,"AR",198671,0.442,-90.7039337158203,36.1401557922363
"Roseau",0.1875,"MN",20860,0.533,-95.3607406616211,48.7619743347168
"Duluth",0.0891148299,"MN",286544,0.437,-92.2538833618164,47.5231513977051
"West Cook UT",0.1016949117,"MN",5168,0.588,-90.2893295288086,48.0081367492676
"International Falls",0.174129352,"MN",14355,0.618,-93.7525177001953,48.3436889648438
"Moberly",0.1013727561,"MO",56535,0.468,-92.274787902832,39.6471519470215
"Marshall",0.0948379338,"MO",48599,0.559,-93.2859725952148,39.3893966674805
"Brookfield",0.1119221374,"MO",22192,0.475,-93.1195678710938,39.5413818359375
"Trenton",0.1083333343,"MO",14189,0.497,-93.5600128173828,40.2886543273926
"Polk",0.0871369317,"MO",12442,0.405,-92.8665390014648,40.3893051147461
"Centerville",0.1467181444,"IA",29873,0.517,-93.1888275146484,40.8051719665527
"Kirksville",0.1134380475,"MO",38491,0.575,-92.505500793457,40.3530540466309
"Bismarck",0.186741367,"ND",114739,0.541,-101.24137878418,46.9527359008789
"Linton",0.2989130318,"ND",10029,0.646,-100.160751342773,46.3125801086426
"Devils Lake",0.096474953,"ND",22745,0.627,-98.7287750244141,48.0773315429688
"Carrington",0.3333333433,"ND",6516,0.656,-98.8668365478516,47.5969772338867
"Turtle Mountain UT",0.0825545192,"ND",16550,0.574,-99.5281753540039,48.6522941589355
"Minot",0.2241784036,"ND",74541,0.606,-101.18293762207,48.4435234069824
"Rugby",0.219101131,"ND",11487,0.665,-99.9386520385742,47.8406753540039
"Ekalaka",0.2297297269,"SD",2713,0.665,-104.398811340332,45.6770401000977
"Baker",0.2127659619,"MT",2837,0.713,-104.440422058105,46.3325843811035
"Bowman",0.4696969688,"ND",4009,0.648,-103.425262451172,46.3399276733398
"Lemmon",0.3571428657,"ND",8671,0.704,-102.420112609863,45.9655799865723
"Wolf Point",0.0941883773,"MT",12597,0.7,-105.277793884277,47.9735641479492
"Plentywood",0.3181818128,"MT",4105,0.681,-104.65380859375,48.6474342346191
"Glasgow",0.1660649776,"MT",12276,0.697,-107.298034667969,47.9512710571289
"Glendive",0.2666666806,"MT",12051,0.735,-104.580238342285,47.0760231018066
"Dickinson",0.329207927,"ND",27124,0.659,-102.613540649414,47.3269577026367
"Sidney",0.2505694628,"ND",22035,0.637,-103.932495117188,47.976993560791
"Williston",0.3383084536,"ND",24286,0.702,-103.339866638184,48.2544097900391
"Brookings",0.1666666716,"SD",40630,0.64,-97.0456924438477,44.2527122497559
"Madison",0.1843575388,"SD",14160,0.632,-97.3513641357422,44.0035781860352
"Sioux Falls",0.1186331436,"SD",200630,0.439,-96.8639984130859,43.2444381713867
"Watertown",0.1435294151,"SD",40078,0.595,-97.2051086425781,44.7741546630859
"Milbank",0.1702127606,"MN",17801,0.65,-96.5079879760742,45.4473838806152
"Sisseton",0.107066378,"SD",20859,0.563,-97.1130447387695,45.5108833312988
"East Corson UT",0.0700280145,"SD",8225,0.505,-101.020462036133,46.0272445678711
"Mobridge",0.1111111119,"SD",7756,0.708,-100.26685333252,45.6210784912109
"Aberdeen",0.1992687434,"SD",52825,0.676,-98.8909072875977,45.3348693847656
"Bemidji",0.0952868834,"MN",101639,0.449,-95.277946472168,47.464656829834
"Grafton",0.2325581461,"ND",31090,0.582,-97.401252746582,48.4641265869141
"Thief River Falls",0.1787564754,"MN",28038,0.534,-96.7299499511719,48.2184143066406
"Grand Forks",0.1279491782,"ND",108213,0.613,-96.8492813110352,47.631103515625
"Fargo",0.1358173043,"ND",206945,0.518,-96.8047027587891,46.7821769714355
"Lisbon",0.2352941185,"ND",16013,0.606,-97.9004364013672,46.1610984802246
"Jamestown",0.2240566015,"ND",38384,0.667,-98.5546875,46.8599853515625
"Fergus Falls",0.1523076892,"MN",117558,0.526,-95.8051071166992,45.9277229309082
"Little Falls",0.1645569652,"MN",69851,0.435,-94.5944213867188,46.2309341430664
"O'Neill",0.1893491149,"NE",14875,0.653,-98.7092666625977,42.4437103271484
"Ord",0.2392344475,"NE",9975,0.658,-99.0196533203125,41.712028503418
"Ainsworth",0.1920529753,"NE",6264,0.67,-99.7006912231445,42.5554466247559
"Winner",0.1392857134,"SD",11222,0.673,-99.5870895385742,43.4869003295898
"Yankton",0.1712000072,"SD",47901,0.583,-97.7685089111328,42.8132400512695
"Mitchell",0.1338199526,"SD",27613,0.641,-98.2380447387695,43.7194900512695
"Huron",0.1204819307,"SD",19318,0.67,-98.4064025878906,44.2393493652344
"Parkston",0.157107234,"SD",20883,0.613,-98.4186553955078,43.1798553466797
"Chamberlain",0.0804195777,"SD",11291,0.6,-99.7316207885742,43.847541809082
"Miller",0.3150684834,"SD",5412,0.697,-99.2775802612305,44.5331344604492
"Pierre",0.0924369767,"SD",20809,0.767,-100.434280395508,44.5327339172363
"Gettysburg",0.3265306056,"SD",2693,0.729,-100.195465087891,45.0510025024414
"Willmar",0.1247139573,"MN",85394,0.549,-95.7932357788086,45.0299758911133
"Marshall",0.153061226,"MN",51470,0.621,-96.1117172241211,44.1432304382324
"Sioux Center",0.2307692319,"IA",58454,0.629,-96.3176116943359,43.2065963745117
"Worthington",0.1402936429,"MN",60435,0.589,-95.4412689208984,43.7808990478516
"Spencer",0.1850079745,"IA",61106,0.598,-94.7032241821289,43.2080116271973
"Fairmont",0.1287128776,"MN",49010,0.576,-94.3489074707031,43.5703163146973
"Storm Lake",0.1734317392,"IA",52812,0.614,-95.3256225585938,42.5063896179199
"Fort Dodge",0.1300448477,"IA",101165,0.572,-94.1821441650391,42.4745178222656
"Des Moines",0.0910248235,"IA",595842,0.384,-93.9295120239258,41.6039848327637
"Creston",0.1245136186,"IA",35600,0.556,-94.0072784423828,40.8755035400391
"Atlantic",0.1515837163,"IA",34687,0.557,-95.0605239868164,41.5310440063477
"Carroll",0.1672354937,"IA",48729,0.611,-94.8914413452148,42.0172080993652
"Rapid City",0.0930329561,"SD",158442,0.484,-102.985694885254,43.9553756713867
"Eagle Butte",0.05111821,"SD",8491,0.578,-100.94905090332,44.8710060119629
"Southwest Jackson UT",0.1103448272,"SD",5126,0.669,-101.566413879395,44.2099189758301
"Mission",0.0242537316,"SD",11133,0.465,-100.702262878418,43.6780586242676
"Scottsbluff",0.1194029823,"NE",65903,0.642,-103.237144470215,42.1022415161133
"Cheyenne",0.0956375822,"WY",95526,0.564,-103.619277954102,41.2267875671387
"Torrington",0.171581775,"WY",21345,0.624,-104.755416870117,42.0708351135254
"Gordon",0.0319488831,"SD",22238,0.588,-102.420791625977,42.9795875549316
"Virginia Beach",0.1516079605,"NE",56990,0.614,-97.6046447753906,42.0407600402832
"Columbus",0.1691842973,"NE",61167,0.581,-97.6625366210938,41.4536361694336
"Hastings",0.1111111119,"NE",42251,0.599,-98.4005584716797,40.3708229064941
"York",0.1868131906,"NE",26871,0.628,-97.6013412475586,41.0392227172852
"Grand Island",0.1420996785,"NE",77708,0.561,-98.0804901123047,41.1507186889648
"Sioux City",0.1125235409,"IA",187773,0.454,-96.4562072753906,42.4197807312012
"West Point",0.100386098,"NE",25165,0.551,-96.3958435058594,41.9670219421387
"Lincoln",0.0913167521,"NE",311956,0.434,-96.8775787353516,40.5198974609375
"Nebraska City",0.1583514065,"NE",40078,0.514,-95.7429656982422,40.315299987793
"Red Oak",0.1242138371,"IA",48197,0.55,-95.2053680419922,40.838794708252
"Omaha",0.0775407478,"NE",803201,0.349,-96.0118179321289,41.3732566833496
"Sterling",0.1446345299,"CO",39751,0.64,-102.941719055176,40.2619552612305
"Ogallala",0.1622807086,"NE",16920,0.614,-101.926559448242,41.021427154541
"Valentine",0.145348832,"NE",8122,0.704,-101.297538757324,42.2140884399414
"Broken Bow",0.1764705926,"NE",13105,0.63,-99.9864883422852,41.6120452880859
"North Platte",0.1227678582,"NE",35939,0.598,-100.81453704834,41.278678894043
"Colorado Springs",0.089342691,"CO",587132,0.311,-105.356147766113,38.3224334716797
"Limon",0.1785714328,"CO",6087,0.631,-103.501205444336,38.9132118225098
"Springfield",0.1919191927,"CO",4517,0.667,-102.721206665039,37.3058547973633
"Pueblo",0.0656216815,"CO",187782,0.44,-103.660545349121,38.0061569213867
"Trinidad",0.1176470593,"CO",23069,0.579,-104.934707641602,37.6306228637695
"Burlington",0.204651162,"CO",11864,0.655,-102.805702209473,38.8101425170898
"Oberlin",0.2432432473,"KS",6438,0.645,-100.807014465332,39.7994422912598
"Norton",0.1686746925,"KS",5953,0.735,-99.9901733398438,39.7069816589355
"Phillipsburg",0.1486486495,"KS",10537,0.652,-99.084831237793,39.7482604980469
"Colby",0.1958762854,"KS",17107,0.72,-100.723945617676,39.066593170166
"Goodland",0.1949152499,"KS",8509,0.716,-101.69017791748,39.0880584716797
"Wano",0.2045454532,"KS",5457,0.661,-101.708808898926,39.9409866333008
"McCook",0.1824561357,"NE",19695,0.681,-101.12816619873,40.3337936401367
"Kearney",0.1644295305,"NE",56033,0.603,-99.045539855957,40.6866874694824
"Lexington",0.1652777791,"NE",48464,0.642,-99.8502349853516,40.4506645202637
"Salida",0.0894736871,"CO",16242,0.644,-106.205490112305,38.7574195861816
"Glenwood Springs",0.1690140814,"CO",131682,0.424,-106.726539611816,39.4495620727539
"Granby",0.0754716992,"CO",12442,0.458,-106.005493164062,40.1051750183105
"Laramie",0.1628664434,"WY",33591,0.755,-106.113212585449,41.119514465332
"Fort Collins",0.1153677776,"CO",459601,0.388,-104.999366760254,40.085018157959
"Denver",0.0870277509,"CO",2449044,0.23,-105.126136779785,39.8737144470215
"Pratt",0.1551724076,"KS",18232,0.706,-98.84619140625,37.4480171203613
"Dodge City",0.1133093536,"KS",42837,0.62,-99.9319229125977,37.6102981567383
"Great Bend",0.1312803924,"KS",47227,0.59,-99.0215377807617,38.2106246948242
"Hutchinson",0.1073891595,"KS",82076,0.522,-98.1981658935547,38.2410125732422
"Hays",0.1578947306,"KS",38196,0.711,-99.2211227416992,38.9188270568848
"Township 11",0.1151079163,"KS",8631,0.63,-99.6424331665039,39.3125343322754
"Center",0.1494252831,"KS",5609,0.671,-100.085990905762,38.479606628418
"Concordia",0.152823925,"KS",19894,0.62,-97.8416595458984,39.680534362793
"Superior",0.1863353997,"NE",11112,0.634,-97.8256378173828,40.1240043640137
"Beloit",0.1503759325,"KS",11384,0.69,-98.4854736328125,39.3434638977051
"Salina",0.0829986632,"KS",63338,0.594,-97.8871536254883,39.0212440490723
"Hiawatha",0.1718213111,"KS",21441,0.578,-95.8358383178711,39.7535018920898
"Marysville",0.145228222,"KS",17448,0.557,-96.8196640014648,39.7686767578125
"Manhattan",0.0885311887,"KS",143269,0.558,-96.5464096069336,39.08251953125
"Topeka",0.0704687983,"KS",324513,0.397,-95.847053527832,39.0243988037109
"Wichita",0.0722466931,"KS",553506,0.344,-97.5765991210938,37.520824432373
"Newton",0.1034965068,"KS",75784,0.563,-97.3318862915039,38.2679824829102
"Winfield",0.1098626703,"KS",51584,0.504,-96.3221664428711,37.460880279541
"Ottawa",0.0926395953,"KS",51067,0.444,-95.3749542236328,38.2016677856445
"Emporia",0.1094017103,"KS",47830,0.595,-96.1186904907227,38.3217277526855
"Bartlesville",0.089498803,"KS",145981,0.529,-95.5712280273438,37.1653289794922
"Leavenworth",0.0803461075,"KS",85465,0.425,-95.0571975708008,39.2769317626953
"Kansas City",0.0701465756,"MO",1762873,0.281,-94.3817443847656,38.8295593261719
"St. Joseph",0.0831134543,"MO",158300,0.406,-94.72216796875,39.8095703125
"Sedalia",0.0825631544,"MO",88232,0.437,-93.558349609375,38.2539405822754
"Polk",0.1127450988,"MO",33693,0.569,-95.2944183349609,40.2349052429199
"Bethany",0.1208459213,"MO",18093,0.468,-94.2919845581055,40.3535690307617
"Columbia",0.0655129775,"MO",302388,0.422,-92.4945755004883,38.809684753418
"Eldon",0.0677856654,"MO",79924,0.336,-92.6218490600586,38.1600875854492
"Springfield",0.0714676157,"MO",440866,0.344,-92.9565582275391,37.4749717712402
"Aurora",0.0748914629,"MO",137575,0.363,-93.4975433349609,36.802604675293
"Joplin",0.0722867027,"MO",266742,0.454,-94.7157211303711,37.2266082763672
"Center",0.0856643394,"MO",54651,0.467,-94.0962448120117,37.7702980041504
"Russellville",0.0887360871,"AR",138646,0.404,-93.5011291503906,35.2363166809082
"Fort Smith",0.0939385965,"AR",332832,0.371,-94.6526184082031,35.1809616088867
"Muskogee",0.0631011054,"OK",152466,0.388,-95.3609848022461,35.6208419799805
"Fayetteville",0.0918065161,"AR",384122,0.378,-93.9666748046875,36.1406059265137
"Stillwater",0.0984643176,"OK",79601,0.568,-97.0795364379883,36.2519454956055
"Tulsa",0.0783574954,"OK",921246,0.323,-96.0058746337891,36.3555793762207
"Okmulgee",0.0810611621,"OK",51499,0.369,-96.2062530517578,35.5346832275391
"Woodward",0.200000003,"OK",26123,0.556,-99.5493392944336,36.3311462402344
"Enid",0.1492687911,"OK",102415,0.561,-98.6559677124023,36.3940048217773
"El Paso",0.0864412785,"TX",857648,0.28,-105.859382629395,31.5354995727539
"Alamogordo",0.0849557519,"NM",81709,0.447,-105.501594543457,33.1880378723145
"Truth or Consequences",0.081272088,"NM",13270,0.6,-107.568260192871,32.9778213500977
"Deming",0.0697278902,"NM",61950,0.51,-107.963706970215,32.6858901977539
"Van Horn",0.2234636843,"TX",2975,0.753,-104.736427307129,31.2084007263184
"Roswell",0.1166123748,"NM",113040,0.539,-104.325439453125,33.1401672363281
"Santa Rosa",0.1204819307,"NM",6920,0.702,-104.565170288086,34.5060882568359
"Hobbs",0.1619496793,"NM",90061,0.598,-103.114616394043,32.8736839294434
"Lubbock",0.0673753768,"TX",287568,0.449,-101.969863891602,33.3977088928223
"Clovis",0.0828157365,"NM",73078,0.617,-103.358520507812,34.3509559631348
"Littlefield",0.0803662241,"TX",29588,0.607,-102.468887329102,34.2419090270996
"Amarillo",0.0861367062,"TX",240752,0.438,-102.076210021973,35.016960144043
"Pampa",0.1533333361,"TX",57355,0.549,-100.796180725098,35.6877746582031
"Wellington",0.1336405575,"TX",8490,0.64,-100.259323120117,35.1179351806641
"Memphis",0.1171548143,"TX",9400,0.601,-100.850151062012,34.5850830078125
"Plainview",0.0848522931,"TX",52751,0.612,-101.677635192871,34.2349853515625
"Garden City",0.1089108884,"KS",52031,0.586,-101.044975280762,37.9037780761719
"Ulysses",0.190721646,"KS",15778,0.685,-101.449340820312,37.4209480285645
"Scott City",0.191304341,"KS",9185,0.658,-101.361518859863,38.4598960876465
"Liberal",0.1211453751,"KS",32998,0.642,-100.481628417969,37.0461921691895
"Perryton",0.2328358144,"TX",17432,0.632,-100.772438049316,36.3008232116699
"Guymon",0.1617021263,"OK",29937,0.609,-101.82502746582,36.7060203552246
"Dumas",0.1360153258,"TX",31880,0.611,-102.514724731445,35.9725379943848
"Victoria",0.1014729962,"TX",165277,0.425,-96.8904342651367,28.643892288208
"La Grange",0.114014253,"TX",42194,0.457,-96.6481399536133,29.8095932006836
"Gonzales",0.0696202517,"TX",18628,0.492,-97.4857635498047,29.4550743103027
"Austin",0.0693216324,"TX",1298076,0.249,-97.3492889404297,30.3460788726807
"Burnet",0.0947368443,"TX",51191,0.349,-98.3323822021484,30.7476081848145
"San Antonio",0.0643825904,"TX",1724863,0.242,-98.3233032226562,29.3254833221436
"Beeville",0.1021594703,"TX",47805,0.466,-97.6544952392578,28.5498275756836
"Kerrville",0.0956375822,"TX",64467,0.471,-99.226936340332,30.1375942230225
"Mason",0.1744185984,"TX",3738,0.589,-99.2017440795898,30.7203540802002
"Midland",0.1788869947,"TX",262282,0.462,-102.464363098145,31.5839157104492
"Pecos",0.2329545468,"TX",31286,0.632,-103.23291015625,31.5871601104736
"Fort Stockton",0.2227805704,"TX",20908,0.664,-102.181854248047,30.8465766906738
"Alpine",0.1802656502,"TX",18377,0.705,-103.635215759277,29.7494506835938
"Crystal City",0.0832049325,"TX",21848,0.606,-99.6863174438477,28.5983295440674
"Pearsall",0.09375,"TX",22118,0.544,-99.1302490234375,28.5215797424316
"Laredo",0.108853586,"TX",210580,0.327,-99.1148910522461,27.3538513183594
"Brownsville",0.0916091129,"TX",978369,0.343,-97.8867797851562,26.2901172637939
"Corpus Christi",0.1055676043,"TX",503493,0.387,-97.4435424804688,27.7055282592773
"College Station",0.0777777806,"TX",208437,0.451,-96.4033737182617,30.6951713562012
"Pearland",0.1157161221,"TX",320912,0.291,-95.8137359619141,29.2001705169678
"Houston",0.0927379802,"TX",4504013,0.21,-95.5459060668945,29.9028282165527
"Beaumont",0.094970569,"TX",497770,0.337,-94.03515625,30.648624420166
"Huntsville",0.0773425847,"TX",191792,0.411,-95.265251159668,31.2139835357666
"Nacogdoches",0.093918398,"TX",103842,0.439,-94.1027450561523,31.5270881652832
"San Angelo",0.0863864273,"TX",113973,0.479,-100.759674072266,31.4733448028564
"Brady",0.1181434616,"TX",23666,0.577,-99.5421981811523,31.4680957794189
"Junction",0.0734693855,"TX",6828,0.542,-99.7238006591797,30.6518516540527
"Uvalde",0.0968436152,"TX",35212,0.58,-100.020957946777,29.9200191497803
"Del Rio",0.1230604574,"TX",49316,0.515,-101.532440185547,30.0164203643799
"Eagle Pass",0.100081034,"TX",47297,0.526,-100.34016418457,28.5439357757568
"Big Spring",0.1144414172,"TX",54073,0.633,-101.563087463379,32.1483917236328
"Sweetwater",0.1220285296,"TX",20146,0.588,-100.380096435547,32.4817771911621
"Snyder",0.1560891867,"TX",26918,0.608,-100.849517822266,32.726921081543
"Abilene",0.1032919884,"TX",191518,0.487,-99.2288284301758,32.4658317565918
"Childress",0.0782608688,"TX",9592,0.757,-100.163948059082,34.2973518371582
"Haskell",0.1690140814,"TX",15157,0.612,-99.8993225097656,33.619556427002
"Wichita Falls",0.0966044962,"TX",151524,0.441,-98.3824691772461,33.9784851074219
"Graham",0.1759398431,"TX",28556,0.548,-98.5917892456055,33.1651992797852
"Seymour",0.0860215053,"TX",4093,0.674,-99.2113494873047,33.5981521606445
"Vernon",0.0880733952,"TX",21022,0.678,-99.5828475952148,34.1137962341309
"Brownwood",0.1086637303,"TX",58246,0.495,-99.0878524780273,31.3928127288818
"Stephenville",0.1141975299,"TX",55256,0.523,-98.3416976928711,31.9958343505859
"Waco",0.0675374344,"TX",281618,0.363,-97.3319702148438,31.7745532989502
"Corsicana",0.1013043448,"TX",100377,0.377,-96.0071182250977,31.6485042572021
"Killeen",0.0772482678,"TX",330714,0.383,-98.1207427978516,31.1772727966309
"Fort Worth",0.0913628563,"TX",1804370,0.24,-97.7361831665039,32.9755783081055
"Dallas",0.0710824654,"TX",3405666,0.218,-96.9760665893555,33.3759765625
"Paris",0.0767123252,"TX",185835,0.39,-95.3130340576172,33.589714050293
"Tyler",0.0951065049,"TX",434643,0.33,-95.6436920166016,32.015209197998
"Longview",0.1141970754,"TX",289849,0.361,-94.6648025512695,32.3712310791016
"Texarkana",0.0788930878,"TX",235988,0.399,-94.2661209106445,33.4860382080078
"Lawton",0.1048808843,"OK",171610,0.472,-98.0752716064453,34.1608734130859
"Altus",0.1121495292,"OK",48010,0.621,-99.3089218139648,34.6671600341797
"Frederick",0.0743034035,"OK",9287,0.538,-99.0044326782227,34.3735809326172
"Ardmore",0.1107882336,"OK",117982,0.442,-97.0431671142578,34.0510444641113
"Elk City",0.1871988922,"OK",60885,0.604,-99.3613891601562,35.531982421875
"Chickasha",0.1154462844,"OK",75666,0.382,-98.0712890625,35.2133979797363
"Oklahoma City",0.0820752904,"OK",1154246,0.305,-97.1959533691406,35.4306831359863
"Ada",0.1167294234,"OK",69207,0.458,-96.4050521850586,34.7829170227051
"Sherman",0.0884798095,"TX",178371,0.372,-96.4016571044922,33.860767364502
"Hot Springs",0.0707567334,"AR",210357,0.384,-93.462532043457,34.0640487670898
"Idabel",0.0922787189,"OK",97397,0.423,-94.8076782226562,33.9497184753418
"Anchorage",0.1339529753,"AK",369296,0.364,-150.678268432617,61.3298072814941
"Valdez",0.1599999964,"AK",10195,0.687,-144.957824707031,62.0689888000488
"Kotzebue",0.0645161271,"AK",7208,0.864,-159.437805175781,67.0281829833984
"Nome",0.0467836261,"AK",9196,0.928,-162.030120849609,64.4751434326172
"Dillingham",0.1118421033,"AK",6745,0.812,-156.831787109375,58.8879241943359
"Kodiak",0.1461538523,"AK",13913,0.752,-154.833114624023,57.9822540283203
"Juneau",0.125,"AK",37347,0.547,-136.051284790039,58.6503791809082
"Sitka",0.0708661452,"AK",15519,0.805,-132.383071899414,56.4937133789062
"Ketchikan",0.122605361,"AK",20216,0.556,-131.585510253906,55.9489822387695
"Bethel",0.0518638566,"AK",23034,0.909,-158.382125854492,61.3771209716797
"Barrow",0.1000000015,"AK",7385,0.879,-153.819198608398,68.3710174560547
"Unalaska",0.1304347813,"AK",5465,0.852,-170.719665527344,52.9120216369629
"Fairbanks",0.1606268436,"AK",97458,0.477,-149.947402954102,64.2072830200195
"Havre",0.0821484998,"MT",25840,0.714,-109.412696838379,48.1714363098145
"Shelby",0.0475059375,"MT",24938,0.664,-113.255950927734,48.5029525756836
"Great Falls",0.0963597447,"MT",95101,0.538,-111.069396972656,47.3781547546387
"Lewistown",0.1716417968,"MT",12386,0.685,-108.902824401855,47.3193817138672
"Cody",0.1474036872,"WY",37247,0.617,-108.963806152344,44.3489227294922
"Worland",0.1306532621,"WY",13171,0.766,-108.455688476562,43.7189445495605
"Riverton",0.1243184283,"WY",35804,0.632,-109.151588439941,43.4414443969727
"Sheridan",0.1044932082,"WY",46306,0.583,-107.365310668945,44.9746780395508
"Miles City",0.1792828739,"MT",12895,0.755,-105.343276977539,46.6650810241699
"Colstrip",0.088888891,"MT",12102,0.693,-107.025497436523,46.1281814575195
"Billings",0.1305191666,"MT",152638,0.446,-108.364715576172,45.9727478027344
"Harlowton",0.200000003,"MT",4191,0.696,-110.863861083984,46.6356086730957
"Dillon",0.116883114,"MT",9202,0.73,-112.863098144531,45.0694007873535
"Bozeman",0.1259689927,"MT",93985,0.527,-111.284934997559,45.4459915161133
"Helena",0.1197410971,"MT",70150,0.472,-112.109184265137,46.6794281005859
"Butte-Silver Bow",0.089366518,"MT",54033,0.61,-113.062614440918,46.2734794616699
"Bonners Ferry",0.0991379321,"ID",9871,0.438,-116.683563232422,48.7867660522461
"Libby",0.1302605271,"MT",18837,0.599,-115.327323913574,48.2843475341797
"Kalispell",0.1108414233,"MT",111205,0.45,-114.455520629883,48.0249977111816
"Missoula",0.1056273058,"MT",135756,0.467,-114.380409240723,46.5549201965332
"Gillette",0.2641843855,"WY",46229,0.536,-105.158653259277,44.2510757446289
"Rawlins",0.1934156418,"WY",15639,0.722,-107.257133483887,41.5921669006348
"Casper",0.1662689,"WY",78585,0.528,-106.016143798828,42.7822189331055
"Honolulu",0.1052926034,"HI",876156,0.235,-157.932189941406,21.4360733032227
"Kapaa",0.0993071571,"HI",58463,0.37,-159.764556884766,21.9938297271729
"Kahului",0.0848938823,"HI",128241,0.384,-156.808609008789,21.0115718841553
"Las Vegas",0.0858484209,"NM",49495,0.537,-104.827262878418,36.0686874389648
"Santa Fe",0.0803233162,"NM",218804,0.371,-105.962219238281,36.2350006103516
"Tucumcari",0.0730337054,"NM",10965,0.689,-103.997459411621,35.6330223083496
"Clayton",0.1223021597,"NM",4174,0.625,-103.414817810059,36.2873802185059
"Alamosa",0.098867923,"CO",46190,0.552,-105.865020751953,37.7030296325684
"Albuquerque",0.0659846142,"NM",755244,0.273,-106.686538696289,35.3091621398926
"Socorro",0.052117262,"NM",21621,0.565,-107.257507324219,33.9917869567871
"Phoenix",0.0752772912,"AZ",3303211,0.242,-111.294647216797,34.0149688720703
"Safford",0.1105919033,"AZ",42036,0.53,-109.825134277344,33.3510894775391
"Tucson",0.0705499947,"AZ",999882,0.291,-111.015380859375,32.0897750854492
"Grand Junction",0.1463671476,"CO",187857,0.465,-107.929718017578,38.246826171875
"Gunnison",0.1061946899,"CO",14746,0.644,-106.978370666504,38.5557060241699
"Farmington",0.0914475247,"NM",168198,0.388,-107.683326721191,37.3590621948242
"Flagstaff",0.0814509094,"AZ",289883,0.461,-111.797515869141,35.6864929199219
"Cortez",0.1267806292,"CO",40087,0.502,-109.932220458984,37.6879768371582
"Gallup",0.0410613976,"AZ",241691,0.468,-109.363136291504,34.4800491333008
"Hilo",0.0682675838,"HI",148677,0.346,-155.525268554688,19.5788307189941
"Twin Falls",0.0871191844,"ID",120807,0.505,-114.11206817627,43.3184967041016
"Burley",0.113892369,"ID",41590,0.536,-113.599784851074,42.5788764953613
"Boise City",0.0739204213,"ID",493970,0.342,-115.838821411133,43.8810119628906
"Ontario",0.0844841599,"OR",62170,0.49,-117.264678955078,44.1263122558594
"McCall",0.1240310073,"ID",11127,0.561,-115.799903869629,44.7264404296875
"St. George",0.1084832922,"UT",130138,0.575,-112.823417663574,38.0471305847168
"Price",0.1373439282,"UT",54045,0.577,-110.503723144531,39.1939926147461
"Moab",0.1179775298,"UT",8485,0.752,-109.901496887207,38.9266014099121
"Richfield",0.1286031008,"UT",25012,0.633,-111.56950378418,38.2386169433594
"Loa",0.2096774131,"UT",2509,0.628,-110.32356262207,38.3174514770508
"Provo",0.1375119984,"UT",389179,0.454,-112.007392883301,39.7420043945312
"Salt Lake City",0.108327426,"UT",1426729,0.294,-111.572448730469,40.61962890625
"Logan",0.1369095296,"UT",149590,0.528,-111.994789123535,41.9872283935547
"Pocatello",0.0925086662,"ID",269722,0.517,-112.316856384277,43.6178512573242
"Salmon",0.1549295783,"ID",12148,0.582,-114.175308227539,44.6172065734863
"Jackson",0.1139240488,"WY",24250,0.488,-110.605415344238,43.9552993774414
"Steamboat Springs",0.1589041054,"CO",38860,0.549,-107.309448242188,40.4096908569336
"Vernal",0.2533783913,"UT",39595,0.557,-109.915977478027,40.2199554443359
"Soda Springs",0.1769911498,"ID",13715,0.575,-111.763107299805,42.5429382324219
"Rock Springs",0.2053941935,"WY",80730,0.545,-110.03832244873,41.9130210876465
"Klamath Falls",0.0856175944,"CA",151353,0.528,-121.740371704102,41.1564483642578
"Burns",0.1393939406,"OR",7609,0.73,-119.109016418457,43.0806770324707
"Lakeview",0.1098265871,"OR",7422,0.692,-120.350387573242,42.7652053833008
"Redding",0.0880713463,"CA",219295,0.424,-122.163536071777,40.3078002929688
"Eureka",0.0757927299,"CA",139540,0.497,-123.048484802246,40.842227935791
"Medford",0.0719680116,"OR",256995,0.429,-123.281646728516,42.6183967590332
"Crescent City",0.0834224597,"CA",48644,0.626,-123.932952880859,42.3174858093262
"Roseburg",0.0819778815,"OR",163178,0.462,-123.371940612793,43.0709075927734
"Modesto",0.0936282724,"CA",729182,0.372,-120.41040802002,37.6686401367188
"Bakersfield",0.1216197163,"CA",661645,0.362,-119.108604431152,35.3061866760254
"Fresno",0.0748793706,"CA",1419998,0.351,-119.227890014648,36.7168731689453
"Chico",0.0948425978,"CA",387577,0.442,-121.665008544922,39.5398712158203
"Sacramento",0.0969090089,"CA",2570609,0.285,-120.881065368652,38.5452499389648
"San Jose",0.1293258816,"CA",2393183,0.244,-121.291488647461,36.794002532959
"Elko",0.1602941155,"NV",61917,0.513,-116.75122833252,39.8185768127441
"Winnemucca",0.1695501804,"NV",22799,0.496,-118.409187316895,41.0092391967773
"Portola",0.1176470593,"CA",24379,0.552,-120.850761413574,39.9761695861816
"Reno",0.0910304934,"NV",453825,0.378,-118.756866455078,39.5042724609375
"Santa Rosa",0.0995508954,"CA",603188,0.349,-122.767791748047,38.9323234558105
"San Francisco",0.1215258688,"CA",4642561,0.212,-122.198585510254,38.0660629272461
"Las Vegas",0.0800290108,"NV",1568418,0.245,-114.026496887207,36.0594253540039
"Reno",0.1097560972,"NV",5071,0.687,-118.591743469238,38.641918182373
"Mammoth Lakes",0.1159420311,"CA",30798,0.64,-118.70630645752,37.272533416748
"San Diego",0.1043647528,"CA",2813833,0.247,-117.107269287109,33.1088333129883
"Yuma",0.0982132256,"CA",302387,0.45,-114.670593261719,33.0404739379883
"Santa Barbara",0.112940833,"CA",646028,0.448,-120.072280883789,34.8693542480469
"Los Angeles",0.096090205,"CA",16393360,0.225,-116.288673400879,34.0751686096191
"Lewiston",0.0902097896,"ID",88546,0.555,-115.768684387207,46.1207466125488
"Pullman",0.1423611045,"WA",75675,0.557,-117.456970214844,46.7306709289551
"Moses Lake",0.0965794772,"WA",91126,0.512,-119.342346191406,47.2981109619141
"Wenatchee",0.0935460478,"WA",99219,0.503,-120.148620605469,47.9200592041016
"Spokane",0.0928014889,"WA",608317,0.348,-116.917655944824,47.739501953125
"Colville",0.0975247547,"WA",86890,0.427,-119.368103027344,48.2558975219727
"Longview",0.0927726701,"WA",220580,0.448,-123.489311218262,46.4340553283691
"Portland",0.0930585414,"OR",1842889,0.258,-122.585243225098,45.5073280334473
"The Dalles",0.1043802425,"OR",65297,0.53,-120.97777557373,45.380428314209
"Eugene",0.0788958147,"OR",936387,0.381,-122.91716003418,44.4636039733887
"Newport",0.0725744814,"OR",68741,0.49,-123.638946533203,45.1897888183594
"Yakima",0.0817065835,"WA",255943,0.427,-120.93709564209,46.9831886291504
"Kennewick",0.1058548018,"WA",332609,0.453,-118.693199157715,45.9214706420898
"La Grande",0.0876747146,"OR",41271,0.645,-117.899185180664,44.9051361083984
"Enterprise",0.143790856,"OR",7226,0.644,-117.263938903809,45.5163421630859
"Bend",0.0817263573,"OR",153558,0.474,-121.15111541748,44.2248649597168
"Condon",0.1086956486,"OR",3462,0.546,-120.325981140137,45.2196655273438
"John Day",0.1158536598,"OR",7935,0.579,-118.531196594238,44.5940246582031
"Friday Harbor",0.1016949117,"WA",14077,0.628,-123.052955627441,48.5253791809082
"Bellingham",0.1155751273,"WA",166814,0.418,-121.263442993164,48.8311538696289
"Port Angeles",0.0858400613,"WA",90478,0.486,-123.544647216797,47.9120674133301
"Seattle",0.1085509509,"WA",3775744,0.24,-122.012229919434,47.6443939208984
